phase_a,phase_b,phase_c
247.5334892740133,247.62996277694376,247.59080477298875
247.53453509389706,247.46883540338794,247.50895777234234
247.58762612753313,247.49459391609784,247.57351571460092
247.5758774225875,247.5894071318846,247.57031398186473
247.52534693659854,247.55626540101323,247.62804951821343
247.57135292288297,247.45255469407644,247.50317301728543
247.68894582166538,247.63547592014754,247.65009788658443
247.61962679846096,247.63636385045,247.62324458409816
247.66841101420158,247.63043035513945,247.6908645839353
247.7574369904889,247.67254192452847,247.68765620364118
247.68482191857896,247.67853422513537,247.6716715218634
247.6875357573416,247.60759310200638,247.6992133468987
247.72441819911808,247.6847567078712,247.77869991814399
247.7624289067061,247.6749016587957,247.75487094916056
247.77519767429942,247.75517578411976,247.82392998470036
247.7610897223596,247.71908371526985,247.7159491512444
247.829541609194,247.77652003684094,247.80296118143022
247.73682933056202,247.71138989835575,247.74112005812466
247.92485753555658,247.86519878093773,247.9661035083539
247.84583791018727,247.88456329227827,247.90767958552806
247.86300405515078,247.81506151543005,247.84782245845892
247.83895852784028,247.83408656887548,247.85440139427695
247.87360511923876,247.87456904198268,247.8509761966866
247.80288334877505,247.8166736178234,247.84986128858347
247.96733722197297,247.91243831417893,247.90305048448093
247.88416801502552,247.83838605340864,247.88628612077804
247.95994321332765,247.94161382308798,247.95671648595876
247.9653897980273,247.9275305745384,247.9271392717846
247.94315861503156,247.9324619227279,247.98310985085067
247.85937256495382,247.90722153275593,247.9078210058158
247.94354046834965,248.00421256448843,248.03822413671574
248.02613455112842,247.96270529317485,248.01677526904416
247.94868713526103,247.93889031314671,247.9901554031751
247.94715968518517,247.90511095845545,247.96565093293484
248.0129959156708,248.00800359195145,248.034948071432
247.98124638609,247.97345548354394,248.04243947468805
247.92901134082877,247.95415166657205,247.94707274272716
247.98364865086722,247.96800002639296,248.00491490904028
247.97812120894,247.950984904227,248.00838902846496
247.98391082800163,247.97990623697146,247.9658507519029
247.9359426774721,247.90923490400368,247.93940102593524
247.99134534343537,247.93852849125037,247.9793574697984
248.0307915201731,247.93796966882397,248.0580175498201
247.91679356624252,247.90305170924427,247.97343835505296
247.94512466093755,247.93052392895268,247.94126724941927
247.9301995125776,247.8739304922585,247.90823608997218
247.9779833697124,247.92957804183018,247.9282172702525
247.94455755190208,247.8793163070756,247.9376155776788
247.95133198311942,247.9597898043535,247.99061668050683
247.96043261014003,247.880182515261,247.99946077679184
247.95193269517742,247.9454333782245,248.01007210181726
247.89057383781727,247.88384281262785,247.95538419951097
247.9600833706741,247.94194412290287,247.94740508790198
247.9017794288812,247.92556044218077,247.95936013905958
247.99589251038572,247.95347141748599,247.98430377788068
247.93483633273576,247.91338761124751,247.98331754261037
247.9629743267973,247.91858434005547,247.9837021266216
247.96664884016295,247.93332017135393,247.98901203172937
247.9587343873461,247.89439272226483,247.95610376478896
247.96585643179844,247.9214729603853,247.95207348704605
247.879367953266,247.84440668390724,247.89931491865565
247.8401162264642,247.8570846789026,247.92929653837876
247.86521032719608,247.8782316683774,247.9147275402842
247.8792993117478,247.87992238324517,247.948514803378
247.87234768048006,247.88262755546583,247.93466626209448
247.8786465168082,247.8854612334789,247.91286868776768
247.75552849447823,247.7765385231343,247.82449607979416
247.80691735976504,247.762357898263,247.8181644527135
247.78330477008873,247.7378846797313,247.79923533817265
247.40012862952565,247.41700178591185,247.5195681219641
247.57104396521208,247.47446774327233,247.5578776679747
247.44909603808006,247.47309247662906,247.54089658657176
247.4527722853485,247.4623877194147,247.5227389332696
247.44492422887714,247.43229159146517,247.4645639882791
247.4156213456541,247.45975056776092,247.43334149169246
247.45887637713977,247.46610636865017,247.5552703531626
247.44267530690846,247.44590518622704,247.44846253030113
247.43501253525554,247.48234741910144,247.33056205500003
247.45221996077808,247.3776503147787,247.426145930119
247.3384108177942,247.35402833223426,247.4301271395749
247.32660105369644,247.33514173553925,247.4637918583587
247.39392910993584,247.45391039072337,247.5135461261286
247.3827884658952,247.41851817254604,247.48640889004528
247.4247201372763,247.45372590710087,247.49437208914838
247.4836374795607,247.30278110289234,247.52714401483638
247.46813219926736,247.47075718993054,247.5072940010786
247.39350848474612,247.46359686779496,247.53489909238496
247.48649120455073,247.42473078488365,247.4569566298207
247.4729983704111,247.5542691993773,247.5619455768183
247.39006599301567,247.449198819718,247.56471427606385
247.27333947268758,247.34341997928843,247.4939557244767
247.3215281767472,247.32099004336027,247.5038991004157
247.27393100614108,247.5030929060167,247.56991211543195
247.33592567826483,247.38479835691112,247.4755424381279
247.48040774613514,247.38051121656855,247.55134076348156
247.54538597342741,247.43075910760533,247.60335077490456
247.38523248162383,247.58016909823735,247.5417262686258
247.45125308451873,247.44256606302778,247.52203911359862
247.43668267726648,247.58416543872994,247.6140301017996
247.5591476485755,247.50223069974498,247.67851937072223
247.45162369120868,247.52459169276386,247.59414335328333
247.5108162271775,247.62731095353593,247.67184208956178
247.43428938533737,247.54050701040643,247.59785647842634
247.56247095566974,247.67968744301464,247.6461354228102
247.5973671584283,247.70052571245967,247.71312501730472
247.6183893299026,247.815763442522,247.65503921389515
247.44582998266904,247.70582508516964,247.7126167291811
247.50454312112385,247.7259980516684,247.58605947118474
247.82760722547823,247.95207902738483,247.97149143460803
247.83994923801637,248.08987993284057,248.04756153817496
247.5914611371072,247.75771555248826,247.7053627579695
247.90402410952265,248.0305915117697,248.06609147215931
247.32621004821823,247.32566954139276,247.38572885653923
247.62720728137776,247.66725830841006,247.67087601764553
247.2778611246059,247.2206080179752,247.17470200169666
247.19254730607648,247.2366183718378,247.271663240961
247.3426903629437,247.42972776039173,247.56917157363748
247.63596088853677,247.7936179806405,247.89041534181823
248.05182698169094,248.34150530306692,248.30360828452044
247.5956191682831,247.72945281711668,247.76479787542218
247.29872623428494,247.30613568766998,247.3511700843457
247.22668969217287,247.31474654026292,247.33313437746855
247.5262220828226,247.61168128198358,247.7055897700629
248.1137355544497,248.37097163793968,248.39565752516174
248.28496182320657,248.49850350369664,248.53089705538125
248.249047630805,248.6003966250145,248.540400700708
248.14227324768072,248.43200956060855,248.50469712979034
248.09356739540442,248.29385482257982,248.36260732464785
247.10045631861178,247.1480993912581,247.1826914756888
247.43322541487163,247.54551943521568,247.6211171815724
248.0985243491519,248.42133270978135,248.42978542027467
248.13289674494408,248.49086981673167,248.37086017862362
248.19178633900975,248.5349193776499,248.4408864166594
248.19277818838427,248.53744105522733,248.50215374703785
247.31137723478057,247.36463463560438,247.48088154017844
247.7664665225448,247.9274219919027,247.92037826867536
248.27883400615661,248.5528966424919,248.516239025729
248.16486930059642,248.39498772251017,248.42436928585087
248.13335916226103,248.4264787442059,248.38349578718
248.24125377386565,248.6440609334006,248.59246764143708
248.2625968883782,248.6300033772606,248.6233670781863
248.35674329692904,248.7729318274474,248.6214582323576
248.38678395758527,248.7008071690492,248.6728173682819
248.04866468854092,248.30642892031779,248.34455033048368
248.24354284030514,248.6764841626347,248.57492564113105
248.41735375643083,248.88823762708853,248.75294270236446
247.31238619000615,247.503737663181,247.59711085252314
247.21297252308287,247.2676177000396,247.37416277092143
248.3523145310244,248.7229903262081,248.6781025172229
248.03440735037728,248.33350746535936,248.37268413624014
247.50154847689666,247.5750849398028,247.66954817781115
247.4300279903437,247.5702869140964,247.58681810150375
248.40728627919026,248.86667489662602,248.77304780257217
248.37879630264413,248.75374231686723,248.68353517012727
247.58894430778878,247.80027469131593,247.83633539558502
247.58005804129365,247.65380774143102,247.67591915588366
247.9607013086419,248.36490372918004,248.32497996424382
248.39780330067737,248.91788613889665,248.84789000225135
248.52010358240867,248.98793584095023,248.81559112422931
247.7901455916955,248.07918102075286,248.0090146192374
248.00895598088678,248.3864756778421,248.40638090658007
247.60603716875545,247.82209002772439,247.84115132187048
247.428675388584,247.65087751890337,247.65127720878263
247.17890501021466,247.31036047205095,247.3047219441111
247.74939652778963,248.0967573406568,248.0310290517406
247.2736471999673,247.32273699705826,247.44233344490223
247.56408504403296,247.6851048928645,247.71005562588329
248.4604911639124,248.89448611342,248.76045058675606
248.11963148273648,248.51653358866835,248.4732205352086
248.2437657000791,248.69802360575522,248.6543215956748
248.32031619609018,248.7049182919982,248.53009149263454
247.72752966618387,247.99306945235855,247.94517105181535
248.3817577610737,248.7038873762777,248.57309190063862
248.27880000180778,248.61382162197737,248.5660402407888
248.26019758698607,248.69929435819984,248.45934744520932
248.32541527909825,248.6324568235984,248.57733327082457
248.11604406933824,248.4335904918339,248.3090643114775
247.6496060646902,247.8067530509848,247.83046072764273
248.2624467259522,248.47559302083806,248.40302318600484
248.18981692572376,248.58968049387053,248.46629026349876
248.13546091764482,248.49579342794914,248.38114174901776
248.12800787683926,248.46094440794104,248.3724440468071
248.13224826525132,248.46489215688644,248.30530482422049
248.06120776943615,248.35404211262315,248.34226043688037
248.16977182848447,248.5066060719066,248.4076803259067
248.13922786547298,248.43980198614014,248.3960229919053
247.84206710515392,248.13556289139632,248.15167304307957
247.93505556324868,248.1361353376317,248.1454647669795
247.82880324603585,248.13984280357005,248.12456438732798
247.2701873641949,247.42271171701037,247.4357875947918
247.6364387030401,247.79025312843166,247.78290973242767
247.8683126488023,248.1263705020982,248.05958637026043
247.95901436077514,248.29401557347472,248.22357801257374
247.33799353497074,247.50765461848397,247.53738118044978
247.12588513561852,247.2389945370213,247.26594459119562
247.73888606331573,248.08372422407385,247.97290056202937
247.67855856120522,247.98820988528965,247.94416563415095
247.32326192626223,247.3242164399587,247.47386705983436
247.9832068661618,248.20871799571324,248.20596893017685
247.74505825291126,247.9509856728875,247.90587428798972
247.70789734086898,247.9603977116503,247.99872214629428
247.65176098456166,247.88366333228785,247.97190062039945
247.706813033969,247.8943020712117,247.8402489991654
247.597860722087,247.80929009448724,247.79819208853843
247.5803110391397,247.8633676414126,247.84061486961843
247.56574692428904,247.63500577422772,247.68052544883508
247.53480421934398,247.6235299621679,247.76422891387503
247.43531973521792,247.68616031996456,247.61757866730605
247.49512689309844,247.55253376713975,247.6621824425571
247.38177683962155,247.56110012095075,247.4403216177327
247.3848733560997,247.41711558054232,247.49210678279584
247.33867625033037,247.45673104450225,247.32909714752563
247.2460799048407,247.19945035407756,247.33222462880138
247.37850729734123,247.31860904891948,247.40904966728934
247.3920332498415,247.1907824835132,247.3001727430628
247.30361748015062,247.4351347685231,247.47158152353134
247.01952439336264,247.12825341137162,247.2982493069977
247.15964252133742,247.26680854726695,247.26582310690836
246.94413482040696,247.05619126801702,247.15276449609274
247.11201679692132,247.1669007433301,247.30896380891488
247.11066223889418,246.90808363322495,247.13638072631124
247.10202662787046,247.07245404341808,247.17956174740337
246.87124801837973,246.79999220768264,246.94775132119725
246.826133030527,246.93602593097253,246.9918323418666
246.80343073300813,246.70252538692174,246.93552905235381
246.93458246319886,246.60857719860022,246.8185949482846
246.7456648267101,246.4802026918887,246.85986623195097
246.64215232894284,246.5173244460586,246.7253079221512
246.73508444434185,246.4454638619199,246.84094064349952
246.5740344297069,246.54663793724978,246.7723403718801
246.5976615318403,246.68533806875783,246.71269285343183
246.62579893677244,246.60513705757134,246.80414026032932
246.53051779509337,246.29869887549714,246.7962855937273
246.53869796958458,246.40820394830254,246.5280101247452
246.84258950108574,246.48856525190052,246.82728757687363
246.5098268962192,246.63629353472894,246.42569910157863
246.65814927439845,246.558028582864,246.8990852583822
246.63206458244034,246.6066191848609,246.30490520859487
246.5824006353623,246.39497629793954,246.40869840469003
246.58425002642758,246.57285303910413,246.7941790085388
246.6449075541957,246.54589850765043,246.66198113065295
246.4799019872432,246.43737106021146,246.69750856129033
246.63260305820396,246.47441330368758,246.57281163866244
246.5128280168035,246.64527527275337,246.6253836090648
246.4994509155845,246.51180388406306,246.49818342057256
246.49747553040376,246.51689829414724,246.7363322472543
246.58919024546293,246.4233167369846,246.7824824800541
246.54123575567462,246.3189154406323,246.69010551203635
246.57179095712746,246.50680615546298,246.61991779561816
246.46866518310435,246.48332428470286,246.62599276091797
246.40829136451867,246.37509120144867,246.63747521822472
246.64555083922062,246.6663225938594,246.78507807300429
246.6735153028676,246.58425528707014,246.7094031467624
246.702802590535,246.7437833344458,246.82449492308083
246.69040211100125,246.71665103333837,246.8431285975185
246.74319603722455,246.65153868331245,246.8172558650107
246.77639302226933,246.64690134789137,246.85690731898248
246.73682084253466,246.70127125632442,246.80545974071936
246.659698609448,246.4801830965199,246.8633763723511
246.64681743104114,246.62058004321094,246.79547786167603
246.76256943532303,246.77211611048818,246.7765712716295
246.62418096984928,246.65115377849008,246.73483758161456
246.77254078230433,246.56456699118192,246.80374555418123
246.7636014940635,246.492974764246,246.76572380139453
246.64959595436565,246.62202066825378,246.83229810802746
246.64827227807774,246.59399698601442,246.84991450205015
246.7911499260803,246.67786435284253,246.80552533437157
246.584825616694,246.62676061426737,246.66900685422573
246.75875903450466,246.72826066658814,246.8458028985004
246.5798406529166,246.63023138743173,246.88284468633572
246.91301534593944,246.76022580049985,246.91219409486155
246.99417718289064,246.75217501882994,247.00450418383292
247.01851393612054,246.8190610722338,247.05244651590277
246.90837847217574,246.8264623046914,246.95132964020715
246.96458997858187,246.79042736564048,247.00751908659038
246.87213631133585,246.68067477113107,246.93660455474603
247.1494020726143,246.99496944193146,247.26125607085405
247.205566020846,247.097508079399,247.19591553721705
247.10746971515218,247.1092605561694,247.26242976006958
247.12864391187205,247.12096171507315,247.13347825390153
247.0881949502125,247.10864355693593,247.18774175124162
247.0327159063654,247.0814316517477,247.09242213050695
247.40210662962,247.31629221617203,247.4072119735181
247.44283711482274,247.35277967430605,247.4111854982916
247.4556473654643,247.3347940590315,247.4433934667218
247.3945374321897,247.25413580710915,247.38259906297085
247.42378875009825,247.32609161545807,247.40636572563
247.43813357839466,247.34609895071407,247.4529036301299
247.5025281557018,247.61173586826882,247.5894521263888
247.58634998493193,247.49688680986029,247.56483919976014
247.49561201453395,247.5342360137181,247.55427385759936
247.52120614568602,247.5777574396649,247.57277438973847
247.5973321198503,247.5572409353145,247.6496442735614
247.5823151528703,247.4704389014816,247.5720804415322
247.61746536326064,247.66484675246667,247.6783131954558
247.70917648246507,247.6230965706085,247.67037052847334
247.7224878252485,247.6674123945449,247.7310573477024
247.69099403654778,247.7019416706136,247.71541963947493
247.68446221532096,247.64304088065938,247.69738616435396
247.68956779684606,247.66416856607472,247.707087440206
247.73852015628694,247.71146519619361,247.79896378134356
247.8110356073647,247.75156756983716,247.8240845822745
247.8185481167784,247.7699789934876,247.80623878691964
247.75614988559073,247.70941253689844,247.7552817206142
247.79860519219665,247.77649085969088,247.8116731589268
247.70409215727088,247.73356483917743,247.7704006494894
247.93114608569437,247.8625037931395,247.91598335761935
247.86498959269346,247.84262919791388,247.88767061709757
247.80448444763957,247.82045908783513,247.81976839140208
247.86224610438913,247.862010653508,247.92176881199956
247.89065053831757,247.8516295754066,247.8847959586082
247.86392079821806,247.8469782429933,247.86417255316192
247.94892975626095,247.91971067283927,247.99781560146803
247.8772572271761,247.85796123174342,247.86784823983626
247.91439874531764,247.92795888003718,247.99117118388222
247.91498249579055,247.91646537873342,247.9605401252863
247.871302018027,247.9014475043887,247.95527591446427
247.82451094342056,247.87277601160184,247.9251855097704
247.908863143209,248.01408564108104,248.06185294139632
247.95187545028384,248.0060605449345,248.03762721042781
247.9789010936344,247.94523146544927,248.00957196980428
247.9398722257804,247.95729589177972,248.00641139849628
247.94350918747116,247.98122042428307,247.9945918116338
247.98218980604665,247.97325874366385,247.99787842978463
247.95697614142807,247.97399458612443,248.01701413561534
247.8933951386006,247.9905733562374,248.00648231204556
247.94475714960703,247.99261524440232,248.03887856562253
247.93837515076152,247.9649272104014,248.0131982264668
247.93766944074738,247.90635842150914,247.96957913217057
248.0097211539418,247.95558428744744,247.99978827438866
248.01335642574887,247.98900477872908,248.0219380683496
247.90690007158778,247.93702772937468,247.98105489119985
247.94863430159614,247.92968810489143,247.9436546654497
247.91270181372187,247.89836789683426,247.95785143001984
247.8698010476872,247.90420414093225,247.9754589082525
247.94720621620456,247.915756316247,247.97632223736844
247.94628728989673,247.97737415080064,247.9898474424397
247.92185075670685,247.96359181231335,247.98248683731336
247.96395338845693,247.95805183467073,247.9801858619607
247.90822127281365,247.8875122680586,247.96072196166693
247.96479774836865,247.964959629759,247.97930231706533
247.9073812317353,247.92341412722075,247.952626552151
247.95010525374178,247.97161439267674,248.00607247761837
247.9788541119893,247.92670347519294,247.99103401107283
247.9344799173023,247.94699653984605,247.9754475322192
247.98071833476664,247.9118053949662,247.9946503313463
247.97338773848742,247.91017474079237,247.97114577953903
247.966455089046,247.94046833555697,247.9763435158155
247.88758914984976,247.864374642882,247.90047652812456
247.89000936921516,247.89661500975183,247.9298018965132
247.91892941837565,247.86572828736837,247.88981896651944
247.9386164926388,247.9206764324632,247.96499970021304
247.83613714299705,247.82079869066058,247.93445060180426
247.86958115550019,247.87630074954836,247.90656348670572
247.82452589728186,247.7857145468106,247.87128146108037
247.79841028980044,247.7900793003293,247.82621322176024
247.7936283577014,247.77100541921433,247.8271123230046
247.4318949735557,247.4212379540394,247.49998045016616
247.52148041461834,247.51495138732173,247.58517459461274
247.54253982115975,247.50279140345793,247.59026312830207
247.4675267397866,247.44936182992225,247.5168152478843
247.43236653799477,247.4735514189943,247.54826963823325
247.41482347188216,247.39511947055024,247.52612852675517
247.45592669688506,247.4498229956681,247.52895370772063
247.4729980188348,247.38372039582427,247.51733878515108
247.46508960612678,247.44437630826877,247.55793018292226
247.41284028004094,247.4214953049367,247.4401169507223
247.4326804328493,247.37307226143452,247.46684513079583
247.44438387120297,247.40186444105362,247.50931909428985
247.41447887785068,247.4511428586417,247.52203144421387
247.4314092122357,247.48753615014937,247.51793465626204
247.4756165574948,247.49496678714183,247.52174506606488
247.43160575047116,247.48954102813875,247.51640712139562
247.4185296119506,247.43689722606575,247.59103039057482
247.45382583185545,247.47949699670244,247.52672848652634
247.41952289797044,247.50483201895136,247.4578160344003
247.4794247001173,247.5262721767662,247.57760016763413
247.41198668865914,247.53138080946138,247.65743752466716
247.29728656139486,247.41619169713368,247.32001702295636
247.27377525411015,247.5010367137708,247.40840469048052
247.3731622099869,247.49062980558227,247.60353011404982
247.31831748364414,247.47846710420995,247.48553971111514
247.41037291066556,247.53441452444184,247.66122762276322
247.39664012129543,247.6231278969839,247.61605382528865
247.35980541363836,247.58731613807626,247.51644374600934
247.45759227537945,247.57139181117046,247.5235968366539
247.47880784606653,247.57002685804534,247.4735181390129
247.55296524351158,247.68073684805984,247.49603454248938
247.4406886245992,247.58488663494626,247.6262788934812
247.49377742827446,247.5950641791112,247.81311054493685
247.3906697904096,247.64038562732352,247.63248194699878
247.48832772646767,247.73199876434416,247.67577668905855
247.51730080139382,247.73424762558284,247.7903127961103
247.5197879886595,247.7955216079538,247.78781760048068
247.540778215944,247.66938099358993,247.675257042388
247.53703921998746,247.66342182457055,247.61653202890108
247.72465812112225,247.96954285431957,248.0062531440545
247.87714070460757,248.05292804078027,248.10590009982582
247.58973594268502,247.78388826748048,247.72849357019012
247.8781511067211,248.09911705937733,248.0759509363338
247.2122032202998,247.37012029241117,247.33457223869405
247.63847019817467,247.73242538494463,247.70520294347688
247.25146977465124,247.2965219495716,247.3527198185853
247.27732657550004,247.1982545234041,247.24878868895053
247.39731031878554,247.4820191941776,247.50319314813925
247.77612513311064,247.84819282476195,247.84509688155657
248.11484128267486,248.32225951996523,248.30638746116162
247.55352884638592,247.8164544623131,247.8048702719262
247.28015658200385,247.2777154862049,247.37397013617272
247.27573710639703,247.3612719021222,247.32982386097353
247.57698451624339,247.72919833521937,247.7624364322542
248.15660584347074,248.41224738057372,248.40991298569736
248.25086701596115,248.65061266638082,248.5793464264021
248.28248736357273,248.58222994407902,248.51037385703816
248.16461613288809,248.57089370177928,248.33921645704407
248.02723494826844,248.31298360445004,248.3199607484076
247.0839548769625,247.1402339941607,247.24454019885764
247.40722592234187,247.60816235974644,247.73662192974396
248.07683304884478,248.40190600604237,248.40917070995474
248.0593600395525,248.34503408796357,248.42106782615073
248.06288515385742,248.56327387079784,248.49549826951898
248.24653774502534,248.49795049715064,248.45163275342486
247.23207324830435,247.29733161889942,247.5064714129135
247.69925681186302,247.94548698659344,247.90783929665864
248.26167861579268,248.52908146925424,248.50299429955572
248.04430585542306,248.48728181366337,248.43101953989128
248.12385327438517,248.4122244553343,248.3718533198705
248.29686703827238,248.7091166963812,248.62075525697784
248.2560381829063,248.67247523836733,248.5394333832215
248.2907956525362,248.67411598331026,248.70630835072157
248.4440559305226,248.74892873021122,248.6826145480333
247.97488624866884,248.31754303949015,248.26958992167044
248.28521938236736,248.6192542244481,248.55153425670574
248.3910641307836,248.8774548677937,248.8063812323763
247.2715407578881,247.5446725414485,247.55728499628648
247.33384256846946,247.3721761487163,247.41504623518398
248.2617796484005,248.67038073641797,248.66370022901427
248.03418262967602,248.3281930477645,248.3731662686157
247.4987693797903,247.67536489201623,247.6913666339931
247.42879001281656,247.60474778819668,247.61191134811136
248.4383373619778,248.87763458470894,248.79197277587244
248.3251042172374,248.72462435889216,248.65208874569456
247.5743949094655,247.82853024039892,247.83051867839688
247.53122673979107,247.69949287672216,247.71271540313714
248.05326191494154,248.39781994771656,248.3642123258378
248.41347121193544,248.92212524735817,248.8132300608418
248.4557387274653,248.9744493573537,248.89496579968161
247.76634048515263,248.02035836749025,248.04849174714874
248.11374224867276,248.46428298971378,248.37488473339943
247.60261402318315,247.85892268877126,247.83356609985475
247.4608282923029,247.6064532370132,247.6592491251346
247.2239663459307,247.3657262293171,247.38059554855948
247.78906341856597,248.04494205427497,248.0365213106466
247.28053137183613,247.4326129413249,247.44933000854903
247.4931254583953,247.75437601707648,247.74925525331244
248.44118541300864,248.8760363384158,248.76547573500878
248.17565466491737,248.56215602815567,248.4841252076296
248.2376370237069,248.69746699179876,248.5444735104338
248.29491376042824,248.65138690721326,248.61223745124545
247.774748819064,247.9980691808857,248.02563995090594
248.37023316213555,248.72296420953992,248.68810861965173
248.3013177642303,248.66601308453227,248.58860395130188
248.1710955068711,248.67507587318636,248.62780690694913
248.26617671940753,248.74649430442557,248.6371938947976
248.14921466218738,248.47032049074642,248.40716027716908
247.6633520300971,247.87070302017884,247.80433527088906
248.33116618238213,248.62148410038202,248.5076668803512
248.18017654595417,248.4940752190135,248.49167703839996
248.14060733272584,248.45782231999007,248.4412561509847
248.2033035889521,248.40655259150893,248.35164539029788
248.07766434558258,248.4449448187959,248.32698008624862
248.08416936299201,248.3874631299166,248.40160170799172
248.1870167979413,248.42499016251764,248.44604297859004
248.10960902145308,248.4225678944801,248.3863385075417
247.84128681689054,248.09644407682524,248.09692561703997
247.89609631977498,248.1210282864713,248.16333424218553
247.89033852401775,248.114237592169,248.18640571623698
247.2660289825593,247.43199371217216,247.4902495349321
247.6614861416789,247.79176407986228,247.74147248102685
247.789892580844,248.06680765579986,248.08427160258506
247.95887146990623,248.24811409779096,248.2227425574134
247.3418702981939,247.46536479473616,247.50524998926716
247.15538493540834,247.25057592502816,247.27266401148597
247.8654654533762,248.0989419326509,248.0632449795248
247.78573899200714,247.96545362815525,247.89544407871995
247.28415686578813,247.3933972227982,247.4914812452856
247.8063428109709,248.25987238385764,248.22465622133325
247.73125092360016,247.9557236017087,247.87812235684743
247.6486928172051,248.00919926872848,247.96429688596018
247.68455808382902,247.9760338038333,247.88669393369008
247.55517293319542,247.86094080950744,247.8469629082711
247.5163614787731,247.8261113183487,247.75985546830077
247.55485324575858,247.87466641176277,247.84640438820387
247.56902932929887,247.70906025772504,247.7413356764849
247.51690961834086,247.7035928923806,247.68825751835638
247.4695648592794,247.65739440825126,247.66347734226517
247.45329565604987,247.67360146662998,247.66816182307016
247.3078397799912,247.5714695918194,247.59363024547588
247.33955578188105,247.4904033833796,247.62708828367357
247.2891520786118,247.4125516663858,247.29925645596765
247.18073412402111,247.415577432153,247.49626935691265
247.35924204984792,247.40341342554788,247.26546723221148
247.2909862674117,247.36857005332064,247.46155426196577
247.2025474770237,247.37558635623853,247.51442518355904
247.0716890354287,247.02744775339517,247.2203756771369
247.09724664793487,247.16930973059,247.36268690622748
246.97888272890253,246.97702611119254,247.19740657741212
247.1088777161329,247.1216435571877,247.2874102033844
247.13913262101343,247.11796076999147,247.15581719800517
246.94203495275522,247.0927755029603,247.20275871867292
246.93247327525768,246.91194716061256,247.0034394941218
246.74975442814525,246.85669250419946,246.96226052171107
246.803030485266,246.8854377548879,247.02162820457514
246.845782038334,246.78644398688564,246.87751078717818
246.82607317208698,246.74469525741583,246.8540534343791
246.73750777895071,246.58565438992505,246.75045928952076
246.5866583211822,246.7151594030342,246.78581759151854
246.81077045262938,246.64123146528723,246.8359076746866
246.719179096243,246.69062831065426,246.786704531752
246.55650454893902,246.65730441276634,246.8260269803283
246.7136677253076,246.5961388514944,246.74653538532144
246.55365956113167,246.50681652552532,246.6105794495236
246.74233323657865,246.79225945526056,246.93294731010747
246.66053039514082,246.6506136769162,246.7473978041127
246.56359618423988,246.69634888329713,246.8606804045501
246.47571555042674,246.58580206457012,246.75943187023043
246.42915797777343,246.55682106886104,246.72201453140843
246.7108733704539,246.62473411722718,246.7311604326389
246.64801868233474,246.70350362614897,246.80815878181758
246.6071744017857,246.6333729276714,246.71485022164066
246.62599954620666,246.62394790018914,246.7491539264684
246.64495981650873,246.63177713436858,246.80772045207235
246.6422516227089,246.5690935596499,246.53526440581504
246.53752255049665,246.59685119661262,246.6466565154495
246.6333438826497,246.61940479418033,246.64099209433022
246.66094941606605,246.58741435784802,246.66701822935556
246.5979645696751,246.64517907367767,246.58130915933913
246.5881256074663,246.50992575808425,246.7760585921166
246.53425861464643,246.48313566243195,246.64797270104404
246.622035127297,246.71373218037536,246.8090523249258
246.63202061961746,246.70775175545143,246.80962274493507
246.6415317222415,246.7991504291649,246.870334246586
246.63829806836162,246.72733991427546,246.8129199406113
246.59767664358748,246.79669698488868,246.7688188599258
246.65577985517683,246.7413889397333,246.86264932098982
246.86707827846382,246.7711912062994,246.8321720232967
246.79703965811697,246.66575705068485,246.8069421256483
246.71927792725216,246.73208125070184,246.89695369896614
246.50851522192903,246.75952684956977,246.7685529608353
246.76716066904933,246.58442584952576,246.74715873019707
246.63465702150808,246.7109795578585,246.80250389065614
246.66497048893433,246.68261479849664,246.82421475031083
246.69428275402188,246.6462366557234,246.85131442864375
246.6402646058555,246.67855801910443,246.86285803295357
246.63902903357175,246.70830755705356,246.94123631653824
246.50151504891122,246.6060272813719,246.71686803338545
246.8436494874153,246.63833421934527,246.89391242421615
246.84968835926458,246.5021841790015,246.92778825768596
246.92329072622107,246.80783370125437,246.95895469990623
247.08244708943892,246.8909346993037,247.08678094077945
246.98209687587686,246.87957973639783,247.07602053892379
246.79970047606642,246.8790987936171,246.98769830423072
246.93782262254155,246.87035581983895,247.08509050780228
246.93710864552438,246.91058546104637,246.9918423740777
247.24129686362704,247.1717667214169,247.28162925666783
247.18701863863242,247.0740079543298,247.24957126281686
247.1613236561954,246.9583289854514,247.23610431508877
247.12276995255428,247.02503856367403,247.25956586323542
247.12548916332713,247.11372766688325,247.2527115969152
247.22884649048186,247.0189573172472,247.23058710539522
247.36593951524551,247.30871796428448,247.40697419659418
247.37055421946695,247.30477400545723,247.47294301156015
247.32725367017926,247.32952713297914,247.49542942641642
247.42667588072547,247.34005278678308,247.41435448462548
247.26847564651416,247.37185870885776,247.428519780545
247.45665215198667,247.35014687448714,247.4713617557402
247.54387670040285,247.59165070157738,247.60288995318507
247.57461216590877,247.24089162967604,247.52200758177605
247.54238678494437,247.43349796759352,247.6074469230327
247.56297448477306,247.6067051338103,247.62286586605043
247.68917563597498,247.506486145166,247.66065983219914
247.53990331814512,247.47666331004953,247.52766655116696
247.66182430321564,247.5961461593999,247.6509042345666
247.65183802736576,247.5830179949229,247.64759108628198
247.6921831450622,247.5448910089936,247.74042933990978
247.6981786096922,247.53205474261907,247.7111038579174
247.69227414714294,247.6981462576763,247.68900683627234
247.6668288197603,247.61023588221178,247.64979672224112
247.76650111442353,247.727543986526,247.74503270550179
247.77133418482626,247.67709693925713,247.76771600567488
247.8313406827144,247.77971884851388,247.79291484826243
247.75707169588352,247.69885315089192,247.75478345448255
247.79234980978018,247.6722441942577,247.7625306720141
247.7667928991381,247.63005068906168,247.7885959346623
247.89846267090695,247.8754005516727,247.9276563728426
247.8800720913628,247.86563674299055,247.88566410934718
247.87685571052657,247.8598037172454,247.8229722665222
247.86426464265836,247.77285190740216,247.83542704838234
247.86132580212077,247.7366947346308,247.85095742288527
247.83978292215596,247.83840630476865,247.8404375571539
247.94770232031206,247.89529716148465,247.96616431784852
247.9111099242594,247.82123964357902,247.90881468064302
247.9604658738846,247.8698574333876,247.98099038663017
247.91719135539807,247.8760697203468,247.97138351575234
247.94518958137337,247.88561394266515,247.96334036470466
247.86418929140788,247.8321029226621,247.89838384429265
248.02635574880966,247.91054903096338,248.02017061784224
248.03634803361194,247.93856946952886,247.98975563205659
247.88218759696244,247.91822725110111,248.0185743138321
247.94678046523023,247.91962089745874,247.9788324991419
248.003422413443,247.97594255677814,248.01639096877523
248.0378832882756,247.90485235922674,247.9989424880663
247.9454973586997,247.97951708582863,247.9701337382999
247.96928354105452,247.88805114912438,247.99305847433888
248.01075764096038,247.9041015469396,248.0179916281241
247.9815967646009,247.89112918374752,248.0068520302768
247.9018514340067,247.8979818854671,247.96135019919845
247.9625750859383,247.90786031126513,247.9860919787628
248.01261550322155,247.90273301882752,248.03068753813565
247.94362522001958,247.88956596472877,247.9755231565029
247.9734365476222,247.9481187797088,247.97558010608407
247.96217990194367,247.92675819095177,247.95243992456537
247.93353189392354,247.92533733732995,247.93207113589858
247.9401590487302,247.86435169407278,247.93741203858033
247.95209033185583,247.85843846717293,248.0100857138928
247.94799045782884,247.9222058554769,248.0123303059441
247.95280647618412,247.88547958737695,248.01265593452015
247.91335764709456,247.9384550410715,247.96925750931175
247.98682450370154,247.95763832858282,247.986927007737
247.93360610269062,247.81105964614557,247.9378137386971
247.9846749033636,248.00713793219086,247.99019808453934
247.96956264223965,247.85289761727398,247.96949918209657
247.94477564630165,247.9509146103192,247.985903809118
247.96800467496345,247.91103829315824,247.98180113147285
247.9691612326228,247.88286256074898,247.98077950130676
247.96593808903535,247.88050167700652,247.97649056017818
247.83133018962369,247.83265859995956,247.91013895767418
247.90802795390437,247.82682742537364,247.9514626376651
247.86077301963437,247.80548224032626,247.8701000639298
247.92163049469286,247.89854212429728,247.94178705153155
247.88008624717656,247.92147960147074,247.9160019805917
247.89097068234355,247.84181091047304,247.9527285155121
247.79370650947237,247.7345931157312,247.85860473417623
247.74479020975332,247.79779199318776,247.81370177402127
247.76041922501935,247.77136940356974,247.80184746253246
247.47043407495607,247.43333031993686,247.53529214797405
247.50412755956697,247.51563184307946,247.54352767291095
247.51674611086545,247.4676004131227,247.54486328182617
247.4618117758044,247.42989254656877,247.48914943416037
247.48562798309396,247.47163163717002,247.53604223319547
247.46133188575993,247.39435358568602,247.53979246508212
247.4660203620807,247.5017854728282,247.54348934635678
247.45522303209805,247.4751910001926,247.51308807127523
247.4866431298132,247.42962153621025,247.5342346814431
247.38295004963985,247.36859999038813,247.47949014141147
247.42139951123252,247.42204627533647,247.46153422081923
247.39203971260582,247.2996396556638,247.5138835694224
247.35823512868035,247.40070565765365,247.53640563497714
247.37453689109336,247.4610648725226,247.4922313963963
247.45737406529628,247.3204277291853,247.4753645598702
247.47815476714388,247.46287775331922,247.5358270000379
247.41756694833364,247.45590734497563,247.52102682204364
247.43118293600108,247.38217425162065,247.538455996289
247.4691197051772,247.49691488189185,247.53740687312072
247.51250437714913,247.50122325192453,247.6007676713251
247.42397845170797,247.495435404154,247.53909466162028
247.36340764322358,247.43956719375078,247.49217125871394
247.41438822685024,247.4137522409107,247.5096859415566
247.44139486331818,247.51747640457197,247.55994897312362
247.42610714300162,247.45019302633088,247.52754009176567
247.49131524516596,247.39060612258473,247.60089905373087
247.45666765168542,247.53209894179977,247.65346017590943
247.45307353410965,247.48367211631071,247.57119874895415
247.43326085202932,247.48968915755015,247.5583139225476
247.45268716259983,247.5404849058591,247.63850461479262
247.4841457377031,247.6045013296293,247.65442720298597
247.50951575418975,247.62263866592946,247.64360927590437
247.49049412527705,247.61197026313098,247.7233009771246
247.46428458350138,247.6404802947371,247.66249010449965
247.47026494820315,247.64295728748974,247.71598743757338
247.52716956628115,247.7496837915696,247.69546634823965
247.6192526223329,247.61871932255303,247.73921627677288
247.54815223149959,247.7451125369366,247.66344311178852
247.45499709826603,247.5296832238379,247.6600943383442
247.80318819898105,247.87574488599194,247.98760802794362
247.8831826477564,248.00244186025108,248.02290939627926
247.63818543371184,247.71314196032552,247.7529457774145
247.8813873774492,247.87729330632607,248.11249146325326
247.28254024078026,247.13731300799316,247.37595506861214
247.59094071377746,247.65489049990754,247.77408187689562
247.27495644852993,247.18421603973155,247.30751702971926
247.07255625535217,247.1792872834173,247.20135557778795
247.32747595567255,247.46591770376548,247.52760564079102
247.6705324785989,247.7630119910946,247.81377901125944
248.05006011197975,248.08210002578335,248.25491796667174
247.5655236466157,247.72477952878552,247.72650945658683
247.25288729436593,247.12077737444218,247.28893997989726
247.25635651147894,247.0056229309217,247.2828276692542
247.5278585816232,247.72730064746992,247.7384538631323
248.1261307957541,248.39722933494838,248.3609234848195
248.23484231103987,248.47270155125082,248.55871078137517
248.22996508613792,248.58026831061906,248.57005590029635
248.2262174306288,248.54102602385666,248.43575346966998
248.11531399356662,248.0867680329115,248.32749366881524
247.0979004772845,246.89573228250197,247.15354724345684
247.42966733053538,247.54235757653285,247.66361453891093
248.16545481809837,248.3829181147837,248.42086082601736
248.09762381040517,248.20907899366645,248.33853469473254
248.10182799282515,248.53083888493987,248.43175448088107
248.28135885042818,248.54101695789387,248.45782438429822
247.25540529311354,247.47492284271036,247.44528743376046
247.64661385840117,247.99192042155573,247.9732590590384
248.27771889608667,248.3466988405073,248.50369847899324
248.00155651750043,248.37606088172816,248.39636268766077
248.12882374586303,248.43918466808208,248.43215919170274
248.2521190119789,248.59427706524335,248.56265673402802
248.18501865492865,248.50891970391538,248.57147215190696
248.33389232539372,248.65641567328043,248.6263452677766
248.41493203186994,248.5555642840624,248.7498447504083
248.01617835078835,248.33474468298965,248.2811981461687
248.2013182234182,248.60595270109533,248.57443112213343
248.37068659023305,248.31328181694144,248.78065248182094
247.4037003597109,247.56573535318205,247.5586574520305
247.2839032959798,247.38884374411782,247.32539647690913
248.3601650345096,248.7692805905706,248.61561219484642
248.11445216911582,248.2687749677082,248.3733735207703
247.53128584159478,247.65812357332425,247.66196345486247
247.39206397508127,247.4010918729616,247.60499839060367
248.4393101282978,248.6593459523794,248.79184850642514
248.36310259141297,248.70023415502314,248.6435897868226
247.58126772116574,247.63978638955328,247.80805416811876
247.58498049867293,247.57102139130632,247.68622875871154
247.98028513654447,248.1136817986309,248.22098194760684
248.42971841343328,248.85819776778166,248.67340245434508
248.5243865022531,248.86608841853797,248.88767616832033
247.8022976299932,247.93487573301337,248.0077300120596
248.1101312280537,248.37985631058507,248.34509621309982
247.54028403549614,247.69663561794778,247.81724156080296
247.5038039467545,247.49214213557082,247.76081860793138
247.2212830670873,247.33614225369467,247.1297240513391
247.79344611666158,248.1303126074057,247.94669155949123
247.22808962788548,247.3178128062071,247.33721135095465
247.5481320647018,247.52337016010534,247.82398039158406
248.4264997787889,248.81580758357836,248.69958442354883
248.05915695976734,248.4956890906926,248.39494555232457
248.14161327213662,248.60457957748682,248.49989103774718
248.24709404509449,248.4158451917838,248.5228456319297
247.81587743995365,247.82944913902472,247.9009844965914
248.3734982559885,248.69935856966995,248.70390120342847
248.35996556083188,248.45797329473402,248.50235938055462
248.34406011235714,248.5636172580169,248.50794522821187
248.32575441548522,248.75791209265083,248.44117548897472
248.18890365909886,248.25366169069397,248.40390885194023
247.43805724940495,247.76049060548456,247.81531553955895
248.15521781503958,248.50240788598674,248.4592061620557
248.2269887557851,248.3549141354291,248.4059328860309
248.20250533316565,248.26389393484664,248.31152027032968
247.98069658220626,248.38847359458796,248.25728698649039
248.1314866912571,248.06201867039738,248.24570185124745
248.09023670316662,248.13336259131256,248.19840505401427
248.32020047776425,248.285013994897,248.31626515141986
248.05529333452475,248.2567375620472,248.35494431256802
247.84875739900897,247.98717405893052,248.20168745517242
247.8287055011358,248.02428315125957,248.179534852018
247.84716246085728,248.18729307898616,248.07216747881253
247.34960098173886,246.99782284998938,247.46057268004
247.3221405954326,247.33443184453014,247.79132647608577
247.82784257590382,247.94073235084255,247.99429720377074
248.0121873877192,248.27484725294926,248.21146997192128
247.37340247057108,246.76315687385812,247.33711033509476
247.2295485671694,247.1712365252602,247.27886428730145
247.92419142224463,247.7456731657527,248.00512164694084
247.53684592622108,247.94450651159733,247.89850985368903
247.35392518548144,246.79674527388832,247.39457578772405
247.97558776287332,247.93017706436726,248.18460435500222
247.53349063599353,247.8041367426018,247.90825580865115
247.64944910712794,247.46882708333834,247.92623137456619
247.7495020770213,247.60769137704395,247.91971652058936
247.66462346029886,247.81856967190853,247.8581639106825
247.6286912893698,247.38512679172254,247.85983069912612
247.53427936140864,247.55608799861687,247.81683861872148
247.55143682169972,247.31532828290926,247.77744760808088
247.62079978039705,247.41841639994655,247.71643964946136
247.36125868708083,247.5916486459375,247.647588162086
247.5140630271207,247.606251034205,247.65722492505884
247.25617278844476,247.27567717967062,247.49899318637827
247.508303502283,247.13800238281817,247.6499104289821
247.3786635068846,247.2256409580631,247.453769021106
247.18456141420495,246.7810663046027,247.45470179264112
247.1152940059588,246.93852943209959,247.44936090564784
247.0703980427626,247.47592268794148,247.44507881434555
247.3306123071032,246.61534623933332,247.46107713225865
247.14820215254886,246.9645103699424,247.22544127308285
247.2439615365151,247.21288626970897,247.31325222007288
246.9065508430688,246.81633942812613,247.16949824583784
247.027930725478,246.73952784901473,247.1422612022713
247.18024619895016,247.08618212314533,247.1099550365687
247.18530514819872,246.80715180916872,247.17957877949914
246.77382566716943,246.57176400415022,246.96249888303245
246.98454092282054,246.84993231795434,246.8200911555211
246.85128728029053,246.97942178805215,246.8345144879704
246.91112784296718,246.46759612812298,246.8444784113662
246.5252366635061,246.36969364788285,246.81498799969148
246.73792104560263,246.44258248637317,246.56278121138138
246.47036309878635,246.3386305537462,246.7629812708184
246.7395236955115,246.33396783540078,246.6476839269875
246.63798552782464,246.66642132878175,246.7936849644123
246.54031663745337,246.17669310575474,246.6230574173441
246.4456816185268,246.20120902273285,246.6639936527191
246.18446558476796,246.55841024795484,246.67146172213273
246.74468392878356,246.18370146103203,246.70662600289234
246.67638923856728,246.14242425882028,246.78498292878876
246.7313014211839,246.30399654870314,246.78074669352608
246.60699816790876,246.25748064720102,246.66087405372
246.54327601205816,246.24175521941353,246.5953345548303
246.6367892814134,246.44423676919592,246.68082258456002
246.59915403222388,246.60232564241292,246.6075994306539
246.36176265909606,246.62321987485728,246.47875268651646
246.46498873472632,246.60411558366891,246.57931288030795
246.38323527664923,246.45208834422021,246.60064949512716
246.25756196154677,246.2552621704092,246.5747616647904
246.57846506013755,246.35336765744822,246.56849522928118
246.41380400980756,246.5113986274998,246.6590011771424
246.44549786700685,246.4864117205776,246.6766958513037
246.64356738082859,246.26889111233038,246.64749039152036
246.43819735978104,245.87401191785472,246.70489340716077
246.3751073696388,246.2692297881668,246.62699611918597
246.59389434223735,246.54778539435338,246.72155463838004
246.75474930754112,246.60238638825342,246.85036033005423
246.66656180326063,246.7335340031871,246.98058237564433
246.7603413415731,246.6165386397634,246.89914274947066
246.82145419085268,246.74662230323054,246.85453165406443
246.80895898556304,246.8053687377476,246.88696618865896
246.78281437268737,246.58609970963857,246.7183213602573
246.72515676955737,246.562237607791,246.64766627489442
246.6265761270746,246.4137791097424,246.8518012294146
246.66957906375086,246.60469122961885,246.74148186966545
246.72501124628394,246.6491789549055,246.66565209827132
246.67427213458745,246.65858816640048,246.7020408791726
246.7806569356042,246.46567434217323,246.7464493125188
246.72228843690192,246.69177479791708,246.78717924391987
246.703768041196,246.1125696416487,246.74698149669962
246.73291419740903,246.65785530442432,246.90008763612332
246.6039311460347,246.4021817210192,246.74581534053627
246.80580353102337,246.6070596150482,246.89666581406564
246.72032928475974,246.64088966238816,246.77177128320955
246.95374288577423,246.76118040653168,246.88301796179192
246.96500667550552,246.66056118997534,247.07432179260786
246.95558053738043,246.89813364524574,247.08327069436572
246.88698824420254,246.89005410500096,247.00697978539498
246.89577025728224,246.9289438278848,246.98402340175562
246.80812159213477,246.66121017562745,246.88773825590903
247.21555378140633,246.6592811263666,247.24632311593203
247.20336586187338,246.9190866291698,247.21254721660125
247.13467146098048,246.79553309078446,247.08432589291172
247.13934562361973,246.92917075819668,247.20327865363518
247.16898680953787,246.98661156689204,247.22019113607288
247.22742292546042,246.84483768778722,247.15839556327302
247.40658615804156,247.0698931370212,247.425493535
247.3617830657334,247.23509327733566,247.37700002085197
247.40235204015005,247.25008769328687,247.43230971036618
247.35238377986175,247.2535738821351,247.49005401963888
247.3700035078138,247.20228949179506,247.41629980683473
247.4033467349736,247.1654602582345,247.45847058612316
247.4362971377929,247.54054619184237,247.61436152404124
247.54801616701067,247.53632111585523,247.4645607999995
247.49220204683772,247.45586813609776,247.6016113323325
247.49533319259322,247.46451429740034,247.5485800267526
247.47032021420355,247.5003474552036,247.583951702143
247.39600679667333,247.5074963010528,247.53759931686926
247.553558775837,247.5870468843026,247.6761014646079
247.66328651765951,247.58527970540587,247.69577043311662
247.72743091801124,247.71314879445666,247.69052566913103
247.65702873750828,247.68480859290787,247.68237852098227
247.6121539521246,247.6092525896097,247.66749202543986
247.67814022680145,247.6576303203808,247.68498441992372
247.6131012236186,247.70526245837584,247.7578683481371
247.68860284117338,247.74355939610132,247.80278043848028
247.8386462043397,247.7287245555691,247.8028260583341
247.81008987439355,247.6118420849952,247.72590538025037
247.69810970649982,247.7519961345533,247.70719421325254
247.6865771268129,247.7070432502495,247.78097580643177
247.90550337291944,247.8381164266783,247.95606332847137
247.83499196695408,247.84728318151969,247.96011938308706
247.796362880992,247.83953817566535,247.79328991887638
247.8448828238207,247.86209572272912,247.87156229177003
247.84590191898727,247.80868281722294,247.86594845660557
247.76220203396332,247.8486343116743,247.86199959430263
247.962249906089,247.9302343484845,247.93550079441647
247.90180841186316,247.8503124731105,247.8995514596304
247.85578481180067,247.92775439944123,247.96532161710758
247.9617769932906,247.90834663132298,247.93779104137502
247.9368301307575,247.9073573732623,247.95263545712433
247.83145623981147,247.8971280680284,247.90363238215386
247.94662978387828,247.9241849705482,248.03120921051465
247.95985099631508,248.00407856920367,248.00101047641905
247.9969191663273,247.92170966696185,247.96592614752512
247.9431351815553,247.9307931576424,247.98427709681505
247.9707718470679,247.9545161903402,247.9860041704501
247.9173298337414,247.9311361877453,247.988679121226
247.9382561400783,247.9465806775057,247.88563186501608
247.89994146904266,247.95337032109907,247.9910606833444
247.89116094304188,248.00791634846186,248.01195846007698
247.9818646404637,247.9608454514308,247.98304470362058
247.8608248325122,247.89470266991648,247.96252160561272
247.9257442829186,247.93232494675587,247.96542383027924
248.00541225075867,247.96648134145812,247.97225976207173
247.9313043659781,247.9658476815898,247.9284919851378
247.97764277321386,247.9588218695504,247.98885976019858
247.97121998038932,247.91916063826358,247.9121091072905
247.96149772464847,247.94025306404666,247.97845123658138
247.98805257981806,247.90160945809333,247.93581607490086
247.94191458691517,247.9320064127402,247.98065562805897
247.8529286768428,247.94396147130107,247.97143092355248
247.98531452252877,247.92347552968724,248.03292040137183
247.91134895853943,247.87151372067396,247.91278966649165
247.9970062510747,247.95752261877857,248.02908023293222
247.94208777787696,247.89135964660446,247.949057736008
247.94323055712712,247.9414360133484,247.94756983690672
247.95956076327445,247.93668623589386,247.99314586216136
247.90793515710746,247.94825342103243,247.90937772980038
247.98308336177223,247.93346071501335,247.9848208800939
247.93785683110056,247.8880478079408,247.93285448070148
247.93975898720925,247.9545471367328,247.9033372907598
247.81504025939344,247.87163560502447,247.84206278365235
247.92309673705333,247.87935680574566,247.86483251637975
247.81362416546818,247.8924056508092,247.83201164156924
247.90180081897537,247.90061288886665,247.9794045475171
247.88665585964551,247.86111927656532,247.94058765087502
247.8993399515823,247.87561890930994,247.92105200699928
247.78959917569622,247.81258103538022,247.85235996584754
247.7894452321215,247.7575700041716,247.8476725971398
247.7806951289672,247.78755582431242,247.80872944966333
247.41660421180762,247.45355955443387,247.48007583141455
247.51824000857326,247.52627294616582,247.5753539854507
247.49066990020842,247.49935547631046,247.4831353124264
247.45243108624769,247.42370800664324,247.5010611907419
247.50575547237065,247.4791965698088,247.5115024720089
247.47251334243361,247.4872311380109,247.51250020810835
247.45309803110226,247.48707985512547,247.50716365606283
247.48093379519977,247.4784441433105,247.49381178876936
247.5330921393695,247.46164404346837,247.53460397365535
247.45360927736004,247.395081318218,247.43114827515745
247.43117109712455,247.43120937563995,247.48110333458558
247.45361957631928,247.4062958112129,247.49076498011576
247.36308891970538,247.46061287198762,247.48275079310562
247.4194983577685,247.44672028064633,247.45261983997153
247.44094787588446,247.4921323875358,247.49735455960692
247.4940571932822,247.48393095585448,247.56548585767308
247.47720938964673,247.42758245154064,247.521930288399
247.3716863038619,247.43983541550134,247.52732198950213
247.44384566681435,247.4959616740579,247.54678176933865
247.46641743026794,247.53816270748882,247.61590348258622
247.42664220176405,247.49460566678047,247.54663972223415
247.29195831401054,247.4126192557578,247.4932446089092
247.29795381427903,247.53034787176543,247.51279186311342
247.36728644011058,247.55357083186925,247.5899948508837
247.2661913627282,247.4487063843123,247.51201630673933
247.38390082494337,247.57750072923494,247.5440403399369
247.4299007773392,247.59450711813741,247.6293469979259
247.3659620918387,247.49090722554266,247.54617080725026
247.42069625665658,247.47150458940527,247.61325407525266
247.3408797295658,247.57766641011818,247.57438057998348
247.4615735687673,247.64326133417993,247.66788457656463
247.2997538133222,247.6464762568198,247.65415733590953
247.47460905929069,247.58070224667614,247.7008753813533
247.44552495532764,247.61389143639656,247.67734034447213
247.53392221560318,247.7110952967229,247.734493488928
247.4985522416619,247.72340494037178,247.75777624029232
247.48095245770472,247.78695703907812,247.7353199852317
247.51894307157383,247.65492534756694,247.69604447118812
247.50138934107272,247.6264386832489,247.58366132306344
247.77858727000043,247.9542003166809,247.88709438119267
247.84092106961387,248.0706189377954,248.04972034271285
247.5747562525407,247.7444498459569,247.79675218282736
247.66689506393183,248.09598780164208,247.92289215588517
247.1549516629516,247.34588193083002,247.38872412048482
247.46859052611478,247.71727185023147,247.6333325850546
247.24736254707145,247.17107685075896,247.26381953986686
246.98555614528846,247.2366274434351,247.28489412222123
247.30437907096345,247.41469941311894,247.43069167357135
247.70498993925003,247.82078666540565,247.87556458033131
247.82851318738946,248.27850926822944,248.13811027917203
247.71606304630896,247.7192112505877,247.51817812387014
247.19880575132177,247.31622503764186,247.29407423694735
247.29304058392208,247.30097681375324,247.14140158306373
247.60509970718053,247.6255836963815,247.5747385352622
247.78482844322033,248.30077412500017,248.43368193316755
248.3645396303758,248.47875900436216,248.4831089042117
248.26367241942174,248.4860739894295,248.35326925812586
248.23218484548858,248.53483764979507,248.31643440286237
247.88396459165648,248.37144591548562,248.24311139650297
246.8872601230056,247.13085625172462,247.24565251229245
247.2061365878588,247.56742502784104,247.56827385995663
248.1438883785657,248.3765439043969,248.317022129128
247.83889956154837,248.4347390384028,248.41051933700152
248.08029285104675,248.45725828909534,248.42074079259817
248.03206864129007,248.55420872161648,248.38950500297744
247.32996919556,247.41269574630883,247.3879460072995
247.72758247573861,247.85392805787288,247.9208503141683
248.39777378953764,248.47768645675774,248.46837703519122
247.9356161254893,248.48817431107742,248.35222699330873
248.08782409117524,248.47199767650687,248.43097379762645
248.33447941182442,248.62051927998198,248.44339191332995
248.19862750703896,248.5389952719195,248.6043508882919
248.25373786806503,248.72521737171934,248.60770833464215
248.4052860596004,248.76099756516865,248.5645020088204
248.07244001090564,248.3617163344987,248.24202955887742
248.15849571580316,248.680156129527,248.54417849805057
248.2425522890277,248.8315605984586,248.77811758711513
246.97484423059498,247.57487150882923,247.40299879071378
247.24534587755372,247.26653280444185,247.35317763343787
248.064419909618,248.66805340626618,248.62455084245713
247.72869921504596,248.32938484526971,248.37342145325155
247.2848916147348,247.60264804504587,247.65124654105134
247.55818505510055,247.5640933042379,247.5637868012846
247.89798564596393,248.80981271796637,248.69053728490775
247.94945468471263,248.7538689882602,248.53710948233598
247.63918470370487,247.75949557353212,247.80559301768716
247.18399134210568,247.65689606306455,247.58840454013804
248.0119153448846,248.32393986237065,248.29504475514517
248.48995394909585,248.89217894235202,248.58817492315424
248.5158945889827,248.9560560239978,248.85615200063822
247.66110042539077,247.94476806480205,247.93884401134912
248.02189542102073,248.39557169336013,248.17734139876208
247.50858911811082,247.82690839904438,247.77393187200977
247.46437360322793,247.55767655107397,247.65637417747737
247.0055216650275,247.26475931901518,247.37208703209612
247.8103265652724,248.0757089248364,248.03318863337603
247.1321576254956,247.4146402788925,247.44009657247733
247.3040273685894,247.60499711770856,247.66902865864844
248.1864154744053,248.80693848000323,248.75764969757788
248.06181658287903,248.51373362036077,248.38752484798647
248.04648625855165,248.64556569952657,248.55126147310318
248.13807043044284,248.6091209448615,248.52734876708573
247.57072323195948,247.9394842408473,247.9590888830001
248.34565577768976,248.71414618064057,248.61225008761502
248.32091694822844,248.65971867996964,248.40399218728217
248.40865662935497,248.67000495927687,248.5228526314447
248.00335148344874,248.7339686693102,248.6382738727583
247.91583901992294,248.48551723613008,248.3408151827149
247.5868558353771,247.8166376196319,247.75671978890728
248.20531265667026,248.57369488570083,248.46160383540592
247.99642672986002,248.47564847251599,248.5187412663949
247.91014052898367,248.49854905123837,248.2709702353781
248.0772061421929,248.4510455868927,248.33572448664833
247.91055853833035,248.2394286896658,248.24938204898422
248.11100473719875,248.34894059092986,248.3823517782621
248.13538665304236,248.2128210011308,248.479233213493
247.93510754743082,248.4488394360509,248.31161117435963
247.8023451413386,248.0475524734917,248.13147544286124
247.7963315138203,247.92862916547963,248.03752889439855
247.75295011138016,248.26293653131486,248.04937429422006
247.01973285830258,247.4267171241246,247.40054890718096
247.33954932431288,247.7599919538074,247.68891653093945
247.5146885975922,248.06865050023782,248.09761162740554
247.79648457450267,248.33156385376387,247.82932982636711
247.09767927365462,247.41241349424402,247.4262583014273
247.05814838260756,247.2179280523402,247.21850600625157
247.65511940482722,247.98362229736753,247.9839545170691
247.65034607111699,247.92193554301215,247.9635960717793
247.1076465210348,247.38868521090603,247.35223228862358
247.5250728892708,248.27261445866208,248.10225674282452
247.3586924132451,247.9492617494233,247.8063544289832
247.82393762305412,247.99176942411236,247.78560319803842
247.63751653133235,247.93536158922151,247.94295943318681
247.38895599436563,247.81268913553478,247.60951153050374
247.45186840431617,247.77711619621235,247.79026238315774
247.34958234890226,247.88776283225758,247.80000865760272
247.22444848540195,247.6891001797507,247.86768995295165
247.3929207593272,247.60461718857587,247.62603276708228
247.40994185567894,247.5878564453185,247.73868875363738
247.24547421188097,247.5899144811405,247.4995575359665
247.03782261735236,247.55587454568013,247.5325287927541
247.033933107311,247.34642689785863,247.49335294938766
247.20488293960372,247.26815038420852,247.32608255284222
246.80451924079173,247.37740597921143,247.3076537676521
246.92100693456948,247.4069238014689,247.38436182952518
247.00640923634234,247.44953123644297,247.27686303187284
247.28217616723796,247.35054572243803,247.5312316445669
246.79490344191998,246.9865738318543,247.21968460044863
247.17242438498437,247.17060899400707,247.18488676872417
246.7350326828008,246.9232622080459,246.98108878961355
247.13746146060254,247.16049613964933,247.3127208823505
247.17529200163168,247.00627881473156,247.11824696182728
246.69053112750737,247.20209726881467,247.21312640056274
246.51376276865312,246.8781505353008,247.00650536042545
246.61437260535146,246.75461545419932,246.96740172613553
246.68786243358815,246.9353892718435,246.71160382778982
246.58167542093096,246.7905819453283,246.78113497005506
246.60553241182507,246.76456481409997,246.98664181803153
246.4232851798952,246.65669179761682,246.7642835118105
246.65549727066013,246.69891948095582,246.76494733952458
246.42182763598248,246.57926904339467,246.8520245689867
246.67548313874025,246.5392577680962,246.80041078135932
246.51214155727433,246.54204708500524,246.6825165223526
246.42899374336238,246.54787886588315,246.54978225992082
246.4777078147598,246.36879909486137,246.512852214822
246.58881107310899,246.77641848449497,246.7098224251167
246.4670030856881,246.54923660228184,246.70808223738635
246.60968820714223,246.67094993781683,246.89541638164667
246.50047206868524,246.6123453577904,246.71288297672035
246.62107893551698,246.44237201679502,246.53136089799844
246.39513155085456,246.65790977582586,246.62056695847932
246.53364473831155,246.63454302708666,246.7054550806326
246.33251483599537,246.4287801235573,246.63531192098975
246.5339260090787,246.5494679385748,246.62593538090906
246.72311652354432,246.43788263731682,246.60250694425852
246.4892014204104,246.47956425165194,246.5084178950914
246.4893581796223,246.53989582606397,246.54177519833675
246.3991853222383,246.51847929730624,246.57459933647098
246.69605477199215,246.47417438522717,246.54907514242848
246.54095706216214,246.67685677779815,246.70012692362604
246.48355287452816,246.51386679792802,246.60911582359103
246.5395452221967,246.32457049469858,246.62017050939332
246.61741037576004,246.73009762968795,246.69205904142297
246.60589811097623,246.58894820881116,246.71701173437583
246.64932937619122,246.63519096015463,246.94128175640884
246.6277831380317,246.7840111652266,246.7383327387586
246.62959022390405,246.59447270296033,246.71750167086049
246.82988309866437,246.73290949069167,246.79790706252322
246.73382110942615,246.5732565564121,246.61550321838226
246.61677228689584,246.64406759750986,246.72934942497724
246.6385774719493,246.75333849207803,246.7589865143227
246.62264951730884,246.70007310215252,246.7367987445217
246.548536089502,246.65346096066148,246.61859027850178
246.6619368978545,246.68207334009546,246.70152434508267
246.6800452583916,246.7453233222257,246.64587734444856
246.5862852130461,246.74146765480396,246.7453762900716
246.70640121362558,246.69322689314228,246.73347697833017
246.7447360224787,246.6832239969947,246.7811949834699
246.54035094751816,246.667102906446,246.62160351040785
246.87305723292653,246.75501408287536,246.79006647349027
246.76469193862954,246.6875103631462,246.83224454151892
246.87276666289245,246.78729567156367,247.0238801713987
246.95884009969097,246.82806469357314,247.0118340270582
246.9503705524345,246.92760632556565,247.1049953904604
246.87666221568358,246.83483174228795,246.99060512100854
246.9597419114664,246.89324981347116,247.09959703878653
246.88323027823063,246.8392904955733,247.01298374799313
247.26547419947764,247.06641471464667,247.2248403202949
247.11658914255074,247.08824441732386,247.22462658113326
247.22964264085084,247.08773133132757,247.20586511019354
247.11254620627213,247.04398197258203,247.16416827616814
247.08183316411345,247.0043352001333,247.13756182802575
247.09567261166183,247.0646431848326,247.14715775116866
247.369861649724,247.3722825197248,247.32988790493224
247.33277662585863,247.34742109043748,247.4503523268632
247.46447016583286,247.3414563958262,247.4779990340149
247.43040771279118,247.3257856531721,247.43696634813483
247.3148449832662,247.27001955759673,247.46850981367152
247.48998034626374,247.3215644721063,247.4480542325255
247.58975147686886,247.58636077376778,247.62458696246304
247.62361987875212,247.49309654472316,247.48720002494198
247.49763155551702,247.52473704615917,247.57630598968098
247.50969651274718,247.4963691832235,247.60062031959924
247.5927058271922,247.57562391355864,247.53108634419578
247.55444331137934,247.53874988319686,247.6081509809618
247.68523189259963,247.5911994833883,247.6589222020283
247.64187445610068,247.52358057358578,247.69546009614024
247.59719050162764,247.6907817688923,247.6899413981414
247.71748022377054,247.64320657423548,247.7469718457212
247.589912835585,247.63059429282316,247.57757375965346
247.7360660269254,247.626905214845,247.7430854476141
247.7187846952369,247.67481887977112,247.71801269137603
247.7411507852402,247.58694342297224,247.82227624196966
247.75078022026594,247.71991616160716,247.87018098111787
247.66497623494172,247.65289159579737,247.7480056525559
247.7227586764265,247.66380274338667,247.77468156639677
247.8123839440206,247.7082196503021,247.69073746489227
247.8893096746065,247.77131036401354,247.9358642061515
247.84024921292354,247.8458666893306,247.98091612258017
247.8735015919289,247.7619522134707,247.762581288892
247.8085761858676,247.8989927202308,247.80843202037693
247.87141219939153,247.81533251339832,247.9121760031482
247.8121773330517,247.7767744047009,247.82125436098434
247.93869593847063,247.91286649321938,247.97626260857754
247.89332187474804,247.83974524840227,247.83333839149563
247.9797494242792,247.90261844128491,247.95962676546122
247.94565582294237,247.84648163080672,247.9798497318687
247.92521077061227,247.86178798582583,247.98403445925064
247.9300933352611,247.83936847840246,247.90652784494796
247.95112855560092,247.98171688044678,248.01898566335458
247.99073616099068,247.94694569783832,247.92096473081665
247.909144177937,247.96879072648957,248.025496328228
247.95420350865183,247.9247175491179,247.92934801582533
247.94209982192115,247.95246869823333,247.99909445666745
247.99921586552134,247.9775697674052,247.95802614723448
247.96341002436327,247.97433846026954,247.99415515801132
247.91642847152383,247.88442856546104,247.95403552091057
248.0142148607394,247.99802280934105,248.0163418956135
247.97606009984273,247.98665531525162,248.03423567382103
247.9351024879385,247.88340510110677,247.86692066431036
247.95062887810556,247.90942377967826,247.97080933911562
247.96738805324412,247.91840090038514,247.99302437098012
247.98000939932936,247.96656357754242,248.00884230162404
247.98183812635403,247.96998618496053,247.89010367475873
247.92658080965913,247.9102163838462,247.97245729676615
247.90780413220187,247.9423503528811,247.98194995852475
247.9634443679973,247.91991813923894,247.95232689153985
247.95436922492172,247.9771206487461,248.0054362639728
247.93022394263608,247.9238684819474,247.967317243469
247.9984536039023,247.9472859019272,247.98332235799415
247.9012668251472,247.88948776535332,247.96322070710733
247.99431940530962,247.9044896627312,248.02536082948072
247.92477950373254,247.8859383949953,247.94517444680892
247.97261619899018,247.9571126880409,247.97846192694635
247.94651282570135,247.9469886565797,247.99854385559675
247.950230553103,247.91655242052838,247.96121812297415
247.92520671543483,247.9413989719732,247.9593993564736
247.90045853438897,247.87062165207914,247.8768045104011
247.92930689697823,247.9469138313378,247.8685017755342
247.85319452811686,247.90523228225487,247.83548604397765
247.85658076237482,247.8763876960158,247.84691725165263
247.87682775884826,247.8872070613757,247.82512719193411
247.92387237403176,247.9158331546383,247.94121254984785
247.86059026477315,247.86877882678777,247.80128246957088
247.8511789651459,247.8821303081547,247.89827974505
247.79318546465365,247.7657661185066,247.76265772846318
247.77121763853918,247.76548143502288,247.7489341023361
247.77589014496144,247.7576286755295,247.79563226633329
247.42810903411967,247.47235387482576,247.4781197659012
247.46643080312222,247.5474307722799,247.50964845402964
247.44923512143038,247.47093205007593,247.52864732021672
247.45877349483067,247.46504072665573,247.5068359392762
247.45912836091577,247.42508522831326,247.54408075236884
247.48412703415588,247.4798446820391,247.36032061385342
247.43005081938705,247.46031658965367,247.36660021996582
247.44125846347006,247.44633878814116,247.51187045655752
247.4613321631225,247.401541292958,247.4663084107784
247.37524969637212,247.40777233746948,247.46773803188546
247.32426467648557,247.44350793713085,247.37121190350058
247.33057974088229,247.4007715780735,247.47810663855165
247.37961378013958,247.40394143451465,247.48466246261674
247.3800291636395,247.44951861193536,247.56282573438438
247.4155923113845,247.46900809923557,247.41782015277775
247.54527847960804,247.4024581978939,247.48090039781775
247.37430211425036,247.40081420809344,247.54104758805224
247.38746887728706,247.38309911676276,247.49363711512615
247.26946460616693,247.45445312608993,247.54942386241393
247.3791120056258,247.54501808401147,247.63210593679256
247.35759418939125,247.53151019542355,247.55988838744605
247.3412446418137,247.43891958624621,247.51012204609466
247.36628997376482,247.45632872108547,247.55238057444316
247.3416668379456,247.48938749260543,247.4815871764564
247.28440348834025,247.4790824714841,247.3486281737029
247.45315204431577,247.54497113486926,247.46315149217125
247.4597486384395,247.5868056728235,247.53371487921464
247.35299407196317,247.50369415510545,247.5463926882281
247.43928122428431,247.492114080944,247.64166161953818
247.42184056007096,247.60975299903637,247.50589954963883
247.52982640879128,247.5824453125106,247.66092213978445
247.5269614013719,247.65908524264114,247.60332426551392
247.48902647388707,247.66684824934543,247.59304219162306
247.4378629822504,247.62142804236035,247.5597026594314
247.59229060914865,247.63380988836016,247.69599698153377
247.58234362680082,247.67751543969885,247.74259114084938
247.59230746319326,247.6602164799701,247.79901585103931
247.47753151139418,247.5855803210034,247.58376541802122
247.48845547364073,247.69696743434505,247.60212244379187
247.81728206294991,247.90033642235565,248.01104049125342
247.88254702414395,248.06563493165353,248.02535130903448
247.57869839161742,247.70806543598187,247.7845260034539
247.84137279946,248.06411623811965,247.96440651061238
247.23989111459397,247.2891123916203,247.25488213905393
247.58561299756954,247.61967526676534,247.66232451464143
247.28230560598092,247.23206584072014,247.31443838664654
247.1613364687949,247.17879468064197,247.13384857610188
247.31695585684875,247.40240466338128,247.48809557406432
247.61763863535182,247.87348252037728,247.8543220861028
247.98807480399736,248.3279683354253,248.24610565138332
247.63654375690854,247.83242906018964,247.82373571348953
247.21853031259118,247.30827391881317,247.33472016766666
247.2476486470215,247.34213314191425,247.25738140692027
247.5313598153139,247.67133783367044,247.5809502378302
248.15387088846313,248.3822063854654,248.28377203824735
248.26207326515498,248.57472718703343,248.44198411977456
248.22793817524908,248.5335036270023,248.47272696418798
248.14793477559965,248.5522802507525,248.34580015358856
248.03801500041,248.35241956140123,248.21069431185444
247.0878213952854,247.08026966864475,247.1886907581757
247.45987523713515,247.5826417267928,247.5434578137756
248.06517362746303,248.36929249368941,248.36207770894984
248.14360918252666,248.4293180119476,248.2389639494923
248.2079464060545,248.52425786533703,248.39448092574528
248.18852175334234,248.47961619475143,248.418573003793
247.3137973302522,247.36895938943738,247.42003676353573
247.7185286977418,247.9143014312378,247.86910610622826
248.2460922803239,248.5710315798983,248.38756744245126
248.1316099416564,248.43705989419587,248.47360147072672
248.08147319219643,248.49579719431424,248.44236573047107
248.2916714671808,248.62820954294025,248.53225378688026
248.32969335620916,248.57108323215604,248.50834552404055
248.3095853052176,248.78578826152554,248.65326781791728
248.35146219549884,248.77950851152224,248.73502822660166
247.94532938063097,248.2944665030725,248.31554997222045
248.22805572156315,248.62217102295864,248.56686889690064
248.45815110892136,248.84893245530634,248.7590935937147
247.32416676768116,247.53297969181875,247.52130312814168
247.26841032383297,247.2916162523834,247.35504682037302
248.32493904254136,248.7023866766521,248.72402186424767
248.0467635813418,248.35778914304026,248.34516199355815
247.4394952245732,247.64022990223623,247.65921370913725
247.45039388708352,247.48984804211278,247.7084865575914
248.47276835403395,248.8586861757226,248.79281838327373
248.3494770998747,248.72151385174962,248.64901032108284
247.5244904971584,247.8312670927093,247.71447577567662
247.59905006559273,247.70337541623041,247.71620800205372
247.89548854883932,248.35482919432008,248.30996417782416
248.5288595616242,248.78147591817034,248.7637072181539
248.51181359917462,249.0610464331624,248.9289342494357
247.80965667260799,247.91632933939178,247.959496990686
248.03907655867792,248.40005387555033,248.42835041511424
247.55004307008235,247.814331487956,247.78875126715155
247.49021723543518,247.6975475110628,247.62061400907982
247.2117916290368,247.3197029007899,247.33130132550937
247.84490008424225,248.11508799321467,247.99767049280155
247.20314039774868,247.38698800161862,247.30476774224988
247.4618474622443,247.70434759773838,247.70113789022224
248.37661222329194,248.8764175138027,248.80960681417514
248.16114372894452,248.57171818976178,248.45506741071955
248.1971216680226,248.58030752040213,248.59326708132525
248.2142984855398,248.61832204394906,248.54954010874465
247.799443475269,247.96668811396694,247.9113600934434
248.30842202784808,248.77337945060862,248.6478172307381
248.3188189530055,248.61817878416133,248.4994746716169
248.28776979607628,248.63388044860477,248.6953950763844
248.30605838587442,248.61532974305067,248.61868126767826
248.12296035668055,248.4094225635112,248.44272279453614
247.64116246450595,247.77017372639074,247.6215127733366
248.18689975021,248.59240586382975,248.54367984890337
248.10922235294905,248.43587949105074,248.35879622049896
248.17994160922922,248.34153261454037,248.39392937175268
248.04583976451488,248.35431135417994,248.42999024598467
248.03103687558644,248.33738723139302,248.10143464638537
248.08524274641326,248.3648753208112,248.29807552272436
248.205682969996,248.50101724676202,248.25176979682837
248.0586634995083,248.39206992971404,248.30333790594767
247.88652002326694,248.13423546276564,248.18716980189717
247.89447524521327,248.15951279421483,248.07140019031525
248.04173947050785,248.20828043465625,247.97609642062656
247.3840009639259,247.2492433547464,247.35150471149214
247.45793339404676,247.74810083658917,247.67642167946303
247.80144347127026,248.0658511202133,248.0816473946101
247.98474983578996,248.2971921364035,248.1904318276853
247.38269271079005,247.31694564786528,247.46622549166008
247.2411890215113,247.2284173869999,247.1295534513016
247.8202994216801,247.9159947354313,247.87508595708795
247.6724549291392,248.01267430631248,247.9739465497682
247.18051923650307,247.25255648033792,247.2246728980109
247.96444879685185,248.25143962392954,248.16631171682047
247.7375292445752,248.01214654740565,247.90806715509535
247.63834040365902,248.03172885662838,247.83094747739796
247.61116213757234,247.91931166852814,247.82659211485517
247.59119715299798,247.81412851479197,247.81572462687217
247.50863227143452,247.78961208240423,247.6564467067193
247.4928241889965,247.91093860842565,247.70522522567236
247.55064875132402,247.74029873969963,247.7713391300334
247.3759682228518,247.79469508600806,247.39367813825322
247.50392695348242,247.41689587166414,247.62038063327134
247.40937344373467,247.66249497518498,247.6178360021432
247.41627280317232,247.53282602500605,247.44195612586736
247.2177801999145,247.4585395910191,247.46866979423723
247.17961710117586,247.29699261650006,247.44401717308693
247.179297133587,247.196977123089,247.33029688416357
247.19202963174638,247.38285523780402,247.2528632551961
247.16483376025477,247.15997797560337,247.47299289813125
247.21832032388386,247.43296095722897,247.37547924446235
247.00386505907477,247.1472145400699,246.94113444874193
247.11442410542986,247.09840111636638,247.2766834310058
246.9806374127546,247.09977257966847,246.91749557371102
247.14841990819426,247.1314502945148,247.14040201643445
246.94613492768784,247.11821519232143,247.04195048772831
247.10366234719845,246.9847873972901,247.08130755935048
246.87053932719098,246.90596929743185,246.81487113557301
246.9006801489508,246.82589515706334,246.86722043268782
246.88119752017053,246.94958778329254,246.7469884491357
246.91991596807375,246.78852787013133,246.66098374278707
246.80492343189206,246.7653633386599,246.46735211824878
246.74458543084407,246.60353119441757,246.61576554738852
246.72954478467463,246.5477249697513,246.64138914509869
246.72267733140782,246.51270831298692,246.52355786293663
246.56867637558003,246.55743388597458,246.5230647354
246.6096402611443,246.73116500863782,246.7511438188721
246.57685414368626,246.42064408732662,246.73515766792696
246.4815618768736,246.42219656208144,246.4650783579104
246.69335978548796,246.67762276606553,246.74737245701237
246.63341979237447,246.53410619984845,246.4138177890679
246.65819238569296,246.65460057621806,246.70999470733793
246.55529594419235,246.5495815218296,246.70894519677498
246.53936091218932,246.4932309718132,246.4196519319208
246.64149190517603,246.5955215974174,246.8816903662808
246.51523031818746,246.6598341663502,246.65667465741154
246.46237537618677,246.56046671401435,246.54241593382565
246.50851979928416,246.57674489625907,246.61256796297795
246.58158841030513,246.51072264439816,246.72767621543588
246.37716061801245,246.60828462147484,246.57131335571995
246.49242414245643,246.49403041737307,246.56711075565448
246.54844621091652,246.50675315643028,246.57866102279812
246.45964676787483,246.47949742991332,246.73109519143932
246.62467930810172,246.64315384114525,246.4538173327587
246.57390338289787,246.5826995532082,246.59272099103717
246.56213922086158,246.4545825062994,246.54455080733015
246.67392708173585,246.68031731951598,246.57497841871248
246.50621667477725,246.66365886371827,246.69101583860427
246.7050174319721,246.71215949874917,246.82363298312106
246.5009012472511,246.65524062501498,246.82070417090011
246.75819704501845,246.76841225347923,246.7653284943433
246.71328211536508,246.7077685126994,246.8490884303099
246.66764685334155,246.74939394445715,246.85286218965226
246.6280859977502,246.5799087066041,246.72983101426613
246.74019268056273,246.78239281614074,246.7448414812328
246.75489743250006,246.52276168982982,246.6806620874856
246.6154902688885,246.53580519402968,246.66940957248949
246.6075685183543,246.58843404333243,246.6998238974658
246.53560172177959,246.6894047723317,246.83382827525278
246.77991449198183,246.68557075697535,246.80347650825038
246.67237687121204,246.63994078097053,246.76920161634897
246.7507015213761,246.69123370007568,246.86798328652623
246.7188886882459,246.58597597322154,246.7641131147045
246.86183721433133,246.7250206556176,246.95637305795955
246.76196127928256,246.7223311210262,246.82393438158564
246.86201424143206,246.7669760479688,246.94142785099675
246.8816379800617,246.92255134847247,247.03592646907435
246.93224221037835,246.85724711547198,247.07501920828727
246.76930939416837,246.84923692163844,247.00434726232712
246.85814653015018,246.8683743991364,247.00466392543544
246.78470354353846,246.84261101428734,246.97610672621536
247.1570168797131,247.1492466105514,247.1694969826223
247.18976188187756,247.03598832118035,247.27687611944233
247.0930613036973,247.00032912536443,247.14989609653975
247.02868718239188,247.1073079000563,247.18114705687992
246.98650709332344,247.03005333594555,247.2230692750599
247.07184460796458,246.99886030774502,247.2272827266794
247.2256788161235,247.24434414473174,247.38556944458495
247.32512015497065,247.31890686925234,247.38513198498464
247.2914236927333,247.30171997301994,247.43069254393896
247.42839215736603,247.3463340660153,247.42164125234282
247.40967755291214,247.22030151825516,247.42003400173763
247.3199227395052,247.34807404792286,247.42306133735872
247.63159937793858,247.5866252726082,247.53355589090617
247.53604195013406,247.4959424461824,247.52910877665994
247.58029132448502,247.56243354803158,247.42588790848117
247.5863315967835,247.5473380286355,247.5788967794088
247.5992579707176,247.5902268774398,247.48163040570245
247.56170090769427,247.48225751554875,247.58715650463935
247.64918299186365,247.65836087421636,247.64674754192717
247.64280978340733,247.65035545486796,247.65208889430193
247.69166834620796,247.68396963976446,247.7362681261726
247.74801481904822,247.72944883500148,247.70752651659154
247.66413755819167,247.6731799782816,247.67452612701624
247.64825835536809,247.65089145007633,247.67590873074926
247.78266135037285,247.73427822299612,247.77500875941718
247.79018635643834,247.74911764311295,247.79486867915767
247.79383908004286,247.73499432207532,247.80692392588276
247.74697511871977,247.69782209466945,247.75903788875985
247.80155445019804,247.75361382744742,247.78162281995287
247.80648134727514,247.7426267693247,247.79332693501914
247.90721035902985,247.8705589578025,247.92577791714675
247.90166824822967,247.87371414091123,247.92446928242876
247.85951944991345,247.8435275700274,247.8529000569763
247.88900669395812,247.8373666918759,247.90584364931675
247.88472806887913,247.86406794344043,247.86214415068267
247.8622929840802,247.8129961834897,247.84984005178256
247.98025870855167,247.9274428704019,247.94785967385096
247.89209670595332,247.84105189917582,247.90793990130584
247.98422404540773,247.93674156611465,247.94747887271285
247.95955997860557,247.91393023456328,247.96043557239906
247.96472943879334,247.9566903810877,247.9432020181633
247.91515631890906,247.8884691978143,247.94216654188895
248.0225226530269,248.00123465787536,248.03746408955425
248.02052682070968,247.98176998488503,248.0112024530101
247.97591605136975,247.94842509330408,247.97934133095455
247.93993378751196,247.95283040639112,247.98338049918274
247.98925183494376,247.97773813143925,248.02486047673688
248.00899417018985,247.9976786549764,248.0100105665337
247.9921797134527,247.96436101338213,248.01624493220265
247.96957236121514,247.98443640633747,247.99775145295573
248.0159456498291,248.02840458980106,248.017389273058
248.01085265403148,247.97620560176202,247.97867121137867
247.96523766113322,247.89861112683138,247.93601186541912
247.9723831368775,247.95224835930807,247.93585920167425
247.98982095229374,247.9893866495589,248.02006075663323
247.9717945832517,247.92836845974537,247.95899947312074
247.98600343640973,247.93632781119044,247.92421864898435
247.94395417183156,247.9170649346343,247.9547708060834
247.95424069267958,247.9331309013846,247.9614885011138
247.97371565506415,247.89560198011577,247.90409535348707
247.99769894923716,247.97680836753122,247.98452714831626
247.96000954800672,247.9362908321897,247.97952639101834
247.96212578578985,247.965811402588,248.00999678331297
247.913159011128,247.88770476475287,247.91437358515702
247.9995262657869,247.9667124389924,248.0255346770663
247.92805891678992,247.90380446507962,247.98119451134548
247.9934385508752,247.96312973881442,247.99702735731677
247.98192242035998,247.95038198295572,247.98966737357745
247.95407011574088,247.94124936651497,248.0033126864269
248.00710319016022,247.94058700319962,247.9922392022927
247.94867117130423,247.91379794417466,247.95676843930914
247.97487194606302,247.95521989396175,247.99507014788585
247.87923901728192,247.86428796858735,247.8864309904957
247.89224834311753,247.89951004473545,247.88799722817623
247.9142270088531,247.86479580690028,247.8627873138406
247.94776666120418,247.91687187586496,247.94931123243043
247.89695963122293,247.87458013213873,247.89193884678193
247.919012379663,247.88577945073104,247.94515642498527
247.798941776646,247.83507238262536,247.86857641595793
247.8113162163271,247.78416134951178,247.8434042793417
247.81111742478924,247.77256106336807,247.79630578337762
247.48148610304992,247.47670438061854,247.5076576389417
247.50942923158382,247.5056801125413,247.55341823389642
247.52394011926802,247.48071518090794,247.54017931983728
247.458373820931,247.43172490676386,247.52946495971648
247.5003430220115,247.42193635868435,247.5630625808851
247.45983105875248,247.47778762760072,247.50675996783784
247.51695434089652,247.48318493750386,247.50984352801132
247.49378374880476,247.47333305363645,247.51686402239199
247.50754072752324,247.48130726926948,247.58417781840262
247.41295707705584,247.38697368230336,247.43484737276734
247.41207169384975,247.4421891859848,247.46111135797224
247.42713921341883,247.44679757258825,247.49689628020852
247.4345298987511,247.44168560823965,247.52683083571202
247.40573547338832,247.45777296857068,247.48025278261696
247.49354667370892,247.4775810136538,247.51046196384272
247.4481630317444,247.4452210765996,247.54148636458044
247.40912451831923,247.436559310942,247.5371254029414
247.41754940978123,247.44974680539525,247.5034700822651
247.45865510222438,247.49621009062,247.50717105612537
247.48844553904124,247.5520332542473,247.59712337677914
247.50330183567496,247.54497218588716,247.55471354133263
247.24446116241643,247.4740997036654,247.48437939045877
247.37576990431378,247.5026412530722,247.52779040517532
247.4077016734296,247.51460516751195,247.50794852385368
247.33393664860745,247.4658682769717,247.47048788961618
247.382020471528,247.5305757824487,247.5065183405331
247.47991187448852,247.5385088838141,247.60440739591246
247.2794527537606,247.51140093485338,247.4887595696889
247.37813643851135,247.53130082706227,247.55823489734635
247.39353267629755,247.53008125906152,247.60209888557745
247.44649168988656,247.62703720830808,247.6504283987962
247.4539412668809,247.61121088887188,247.63260065349763
247.5500315659199,247.6386993789098,247.64816105233777
247.47934078888807,247.65313445332956,247.71345266755506
247.51161953000957,247.72068493583703,247.6827195497223
247.59586336562165,247.67792081384158,247.71239272014225
247.63224552470197,247.7397746506708,247.75684858376044
247.52263820209342,247.676192025039,247.65203721174694
247.50866302910714,247.66575541871578,247.62886692127952
247.774069527841,247.94852944798436,247.91861982538813
247.85055970413634,248.0887161705709,248.09066751063602
247.60424113875092,247.72972658847718,247.7404510080267
247.93401510321848,248.12559352953616,248.11581198979587
247.25389217611607,247.30964040357432,247.29477301579283
247.64436780495205,247.74087854827113,247.6531862942122
247.31505932650623,247.25443590653225,247.3160421810448
247.18577977974647,247.2295545021514,247.30839174389743
247.34937673356117,247.4665479148009,247.49244363338866
247.71948561295437,247.84221768353027,247.85603647946064
248.11375060211952,248.30954983871118,248.31507872944056
247.62627978688002,247.81343607367924,247.77192087742714
247.22794308110767,247.2961060324545,247.32777327496606
247.28492867993563,247.3075191551556,247.2731665708112
247.61467510837858,247.68372010933814,247.7170055702225
248.11000098860058,248.43361034523429,248.33618922183365
248.22386116840536,248.64387876498074,248.47512563002934
248.23266947433854,248.5502118325662,248.54665396553855
248.08916807888502,248.5335699266247,248.41531975597
248.034510927804,248.3029641868477,248.2696883477096
247.06078291403455,247.11947926217556,247.1199706844253
247.39899054549164,247.65639763753464,247.69724409486128
248.02196466323318,248.4098029949765,248.32703086258232
248.18411858114743,248.4515957271378,248.34663163463014
248.2159048142955,248.5005642556347,248.40945228716865
248.23360542036102,248.48049767122558,248.4635884043683
247.35008166350693,247.3685842760438,247.44909114308177
247.64671000569334,247.87091003861931,247.98760745082734
248.1792041306717,248.509928083917,248.4870343578906
248.130635939005,248.49065171382418,248.41135487039364
248.14024389666668,248.5145002581961,248.4802120049619
248.1425340432527,248.63441436401754,248.57768025516688
248.26789652817084,248.64320448814317,248.58997744070237
248.37286266317918,248.74996545737244,248.66640900565318
248.21287756491154,248.7331599131096,248.69250836268026
248.00761490220137,248.39354378578497,248.30346856717577
248.17833801952273,248.66737799723,248.5292556786053
248.17602349500802,248.85249716838402,248.7205370008585
247.28951393168978,247.55200555683808,247.60214231400207
247.1764505127887,247.3903498178957,247.46192436227045
248.42443386614485,248.72394934276656,248.71921186921477
247.87988520265242,248.4035986922293,248.37027054375034
247.4171287746001,247.67179339301552,247.5899634760919
247.44716786819146,247.63255268791062,247.52476502197666
248.39471968152853,248.88117368072054,248.63572710673537
248.39466136321704,248.7653574001093,248.67764373698802
247.59189535544346,247.79514870757671,247.83890591439237
247.58567655693358,247.7351131031167,247.6598549389888
247.97604262457872,248.44344886507727,248.34700713320572
248.41566905116142,248.90415394574836,248.68728475048928
248.53662168788009,248.94405144257541,248.8457004463316
247.67007257326642,248.05739784502626,247.9651235556152
248.0349734015034,248.42990027655736,248.3892353383699
247.56246461394105,247.85796020951577,247.70266536124655
247.35639284740967,247.6888141748072,247.42548264972282
247.24870669234423,247.32944903117985,247.3142771756081
247.88464419506917,248.07378051599272,247.80837423769296
247.36004441096878,247.40721967319143,247.37902561924946
247.55644464359523,247.71607135685477,247.63388350553674
248.29611083142078,248.82786289508206,248.7348213886782
248.01632491323159,248.49254003435163,248.30750118167214
248.27826071563803,248.49730095881216,248.63672160445802
248.19922106091846,248.70553956238743,248.56860545775896
247.7787442884259,248.00862954614473,248.01601469959294
248.36004569224067,248.68391368994114,248.66132521130152
248.26054690422575,248.6162614726276,248.48580661802077
248.3219237886088,248.7538947854384,248.4013289620182
248.25396425665906,248.73233151062817,248.61116826010792
248.13522089999395,248.44144464915018,248.23765979252622
247.6413359518358,247.74392674489047,247.6785135275225
248.12706542148285,248.49236849393333,248.34756838658896
248.1160595414124,248.43348959638251,248.26589829494017
247.96303355887233,248.3138645179574,248.38077023480687
248.00884138377515,248.31396456823921,248.1889046865383
248.00754686097983,248.47128235456816,248.29627011401806
247.9585142364531,248.44408735871318,248.2360052526228
248.21708607538392,248.47220199555488,248.50953189742748
248.19897292693673,248.4680742549336,248.3886264543271
247.95591032243513,248.08899931916633,248.12201007134982
247.95772693819308,248.17141511954202,248.11169723665188
247.88273588047485,248.1212389069449,248.11499890857237
247.2657683814585,247.38335640785826,247.44896174772614
247.5976538264785,247.8578379467004,247.75910976478568
247.84958480771493,248.10061718991753,248.13752403665197
247.9148930981683,248.2404147269887,248.1884182417209
247.3134040363936,247.48537294249093,247.51634496110478
247.15792922778778,247.28022536417882,247.12760842654606
247.81721983774986,247.97615256030787,247.96505999069578
247.59778418192258,247.94889215746272,247.8084959451358
247.33573409219767,247.39712009237456,247.42258623476522
247.71353690149823,248.2158337106067,248.06889675573728
247.60934462623408,247.7317180955302,247.75543012847768
247.68876026453964,247.8584714726738,247.76099598197112
247.67400557396894,247.9563006106941,247.82995551348907
247.62992599348257,247.73527790881985,247.71388665823022
247.336785399995,247.76032600667122,247.7103928556289
247.51203494322445,247.87418030234656,247.7769637491621
247.42861246062705,247.74953293371456,247.4423559852921
247.5312245615503,247.78584742777483,247.72185766286452
247.53995368699637,247.66012217019602,247.596574298556
247.3443498280123,247.70595554452748,247.54857532614366
247.44995846561008,247.6016963430053,247.39192706420295
247.43916890488185,247.54873832933407,247.44994260081964
247.25788452397487,247.37316679309987,247.4452032066263
247.14591539469163,247.4414530732043,247.56029888940702
247.32051046640274,247.22508958087522,247.41235271087436
247.3837762393645,247.40175542438772,247.3353873915651
247.2699996106833,247.2957512419468,247.3037267389889
246.99714106373278,246.99050045893054,247.23223596794668
247.25391900998974,247.2630589870306,247.2564117382478
246.85167057940848,246.99369531093836,247.19003653509228
247.1328290481054,246.96758728721554,247.2809945454332
246.98771776040755,246.68425064115937,247.22934174151112
246.98754372443264,247.16518757737938,247.08603527444353
246.84010957908544,246.70893276274822,247.05272674040683
246.8922445511471,246.83568685532657,247.02937184245104
246.9285573542249,246.81234870081872,247.08804589149014
246.87248211412827,246.71374566009692,246.91082316479537
246.80027972448806,246.7983819098732,246.87558361487382
246.72025696993373,246.71020993353974,246.6810793770054
246.6881776342801,246.5501952096387,246.70763886628072
246.61538955150073,246.64532462866995,246.84702112919382
246.66952173879244,246.67741549079568,246.67847398762567
246.83462936674505,246.61137192838478,246.6841424633764
246.650015481905,246.4743437881487,246.65072237738397
246.56434988310212,246.42865554930353,246.57464713194582
246.78055515356183,246.68921290218705,246.9036463819799
246.60506674620117,246.58329249363206,246.7532820503597
246.650522926885,246.51183367739165,246.84285359212595
246.56157868877142,246.57411101410622,246.7965943635488
246.48328398350313,246.55781231463075,246.54242063736933
246.58684000519716,246.5662256366684,246.79361142669637
246.62150456736373,246.5456694099964,246.6355952498113
246.53711051384232,246.61474349942395,246.55317553357474
246.60411521358836,246.5518159169352,246.7430126612106
246.61913572281532,246.42285125846706,246.74999528119912
246.53409575799796,246.59284115023183,246.6175973962209
246.46896554524653,246.63670913363399,246.65780403823766
246.60521702989124,246.5266806264884,246.64788343485407
246.65221581380678,246.51549341113235,246.62624973067773
246.619646861103,246.56372073459403,246.7206653603796
246.5963979004771,246.41891953725252,246.66861283853686
246.49978707813304,246.40483654676189,246.68535430706154
246.53854025510947,246.56721521332958,246.778911039938
246.67356485805902,246.69593017732856,246.68467630507715
246.67616459887273,246.7813415813797,246.78106830525226
246.7279782934632,246.75445906338643,246.6748018956431
246.66501905098502,246.5763387671558,246.85222567327764
246.88878571854113,246.71508277902802,246.7967066942097
246.69746215612216,246.71147011734436,246.8719271591216
246.63254149605496,246.7215463223081,246.77125890623637
246.7464380168877,246.56699777636695,246.8578682357003
246.53710220650422,246.6439396347703,246.89997540679644
246.48159997989984,246.72597395431868,246.70612648547143
246.72270403180698,246.72173394609874,246.65374638142384
246.67096889004353,246.75850902141323,246.81516867355947
246.7486062108268,246.72403414054727,246.85045663824548
246.76526610164007,246.71086127104908,246.7770822845947
246.84054955974165,246.63326084896738,246.77917208239145
246.63242533040253,246.52175638384284,246.71363541666128
246.85672525952904,246.71011032391817,246.92265661107635
246.69111715054206,246.67027384760218,246.87651401342413
247.0486642347536,246.7277031504231,247.01289069004005
246.9828193118664,246.99131474612153,246.9888956462058
246.97346925120098,246.78378252415717,247.09018758793545
246.9994327927044,246.8387350223597,247.06653989541692
246.91650634286893,246.77910202007797,246.91885294203962
246.84291785957168,246.86282124230848,246.9793041292186
247.24874055634407,247.02768254144067,247.22959655778433
247.18685683865687,247.15161351391453,247.25632606591506
247.16347957135363,246.97813834477702,247.12629202871562
247.19261000237643,247.09915418592516,247.15502543731935
247.14248262154265,247.07521356604784,247.22564424746417
247.12363508506803,246.92461665380986,247.16827587372583
247.42698353569185,247.32535281677235,247.25807515722568
247.45414054305382,247.34254842858257,247.3883893573228
247.45646519367978,247.33253374720687,247.47508181168246
247.40921092764142,247.34059380426555,247.5139444916847
247.37088694396974,247.27363460480714,247.31495828302886
247.4374698750151,247.4102591484123,247.47801832470523
247.51313332793862,247.6081559473729,247.6356976367505
247.5446960658055,247.5535200589633,247.46077531752724
247.55678130093924,247.54524183606952,247.433156089387
247.64185791410983,247.5592056710012,247.50491940781689
247.49048140081842,247.5594721559827,247.6525208027164
247.4600621646433,247.5019061089846,247.54296637630827
247.74746886335234,247.6492047017906,247.69562995921353
247.47136863000742,247.6481302586055,247.7351881511888
247.59782627409706,247.71582921382952,247.677513207071
247.61059276061286,247.7156288541474,247.7290533780336
247.6313352630274,247.62894255594114,247.58351042404448
247.70668067817843,247.62761709506836,247.65514328589717
247.77413485350132,247.74064022731395,247.71714495539135
247.77896760119933,247.72517152563134,247.81314381399687
247.76842305095678,247.7478607374556,247.70305592806025
247.6813004875692,247.66796711399178,247.70825265406256
247.83797952352776,247.8105046495501,247.6796701466111
247.81000712792712,247.70583310260565,247.69145890836134
247.9238261450303,247.86759069734495,247.9200049930563
247.92111643589445,247.84800465017315,247.87090258806418
247.8594671684907,247.8452180102771,247.73639485452853
247.83128662670643,247.85105402450816,247.88995488212905
247.87633250022074,247.8735503333689,247.94904287819534
247.8776404488995,247.84054146864415,247.80968966950473
247.96197532102903,247.9410773621618,247.977027929126
247.7653599363786,247.85045342049122,247.81640650192747
247.97143355349638,247.91530959605674,247.90837444957586
247.93009932202585,247.93199696447383,247.89563130210166
247.8800343134036,247.96037180289295,247.96168487790297
247.93206408901315,247.88822716335494,247.89338400361805
247.9262390088114,248.0116849628454,248.0222081823512
247.98967716043364,247.99228953087686,248.00664680731455
247.9692760966903,247.9871767122799,248.0141841807339
247.9578825077864,247.93577552188484,247.94932996542414
248.02540256660552,248.0005867359543,247.94464315716837
247.93057619461533,248.0116309467778,248.0091262765586
247.9963747556284,247.94750506660594,247.95558922963025
247.9413238036531,248.002620636472,248.0104051184153
248.00906621586708,247.99074018729416,247.96981102724072
247.94701825674326,247.95614036908503,248.0468888622619
247.86663552198033,247.90968280790344,247.93005823423346
247.95214299114656,247.93282874875922,248.00954857424708
248.00286200997536,247.9798225328086,248.0536543442369
247.93793982155591,247.92471646759648,248.00868216736293
247.9475856107404,247.91127368046253,247.99965617159887
247.878692884438,247.87610246448486,247.89665808511396
247.90172619887534,247.94150834665308,247.9243762375973
247.92460929891627,247.89600651695366,247.96124771379039
247.94413024661972,247.96309351079873,247.96114390661697
247.9733203126374,247.9400969245575,247.9550850787822
247.91358660098928,247.9785006964427,247.97990047066236
247.88174342452294,247.92517005259486,247.93300583186794
247.87776397473218,247.93813779204726,247.98141381749397
247.89938621400452,247.91674860908262,247.96837678275645
247.88501402153418,247.96251990223195,247.9549679224876
247.9947283373606,247.9417777266009,247.96406481930657
247.9008619847366,247.90455855631942,247.91406207057221
247.9275849909562,247.95084646213238,247.958916870272
247.934912546096,247.91382355364573,247.96942922661495
247.94862506463693,247.96931726663615,247.96912359807163
247.832680877555,247.86816508869524,247.88725723432282
247.87488814783634,247.90273708993402,247.92981157383213
247.8513535155001,247.8604066647791,247.89011138556478
247.9477182393915,247.93288495079844,247.9191624805478
247.8279997373256,247.8657589127464,247.89633223916658
247.94207902895855,247.8911054156554,247.87363902862785
247.80370177801183,247.8067316376314,247.81503937546515
247.75542630340576,247.79020223981775,247.78280687285664
247.76310654654307,247.74248161138354,247.82228087310037
247.42618385259428,247.4526253830887,247.5248156945657
247.47045595009354,247.4971382754988,247.58310829619938
247.49894003194063,247.50361093622877,247.5608145241478
247.46644089562398,247.4519226521236,247.50819153913474
247.49312220888982,247.46928300219835,247.51200703274256
247.4873777605785,247.47342923039938,247.4985323585439
247.5035538150173,247.4886830688494,247.53170280609646
247.4659900922518,247.4451572667932,247.52175582986735
247.51432603815348,247.48380551380293,247.53409833505515
247.41918219027966,247.38309570336648,247.46205262467424
247.4357842905612,247.42267104198032,247.4460274631649
247.39725327122923,247.3866047267218,247.41365881292975
247.36103220497037,247.39140100012258,247.46880238803988
247.355051059224,247.42195674399395,247.52946560851896
247.45246621240685,247.4922950922823,247.4967564938727
247.51150041485153,247.48257901043468,247.59896746486865
247.42285009438126,247.45734711484545,247.563127905522
247.4143598335156,247.44543539462353,247.45450115866717
247.46893020320536,247.462398888837,247.49681993786388
247.48112633788617,247.5337526714329,247.56328765501476
247.39338542864266,247.49824032517864,247.55290518502972
247.3597840039776,247.383289665747,247.48857052763893
247.39263814245038,247.48543737681317,247.52368438573137
247.40816971710768,247.49660097167816,247.56081597956842
247.34903395776942,247.43654725624728,247.54393939949324
247.45140013803183,247.53441872703374,247.61366316183936
247.50557877392202,247.51532792500532,247.59004682721834
247.42929676678082,247.57274987611112,247.56634072008188
247.47519189629898,247.5683348697312,247.53275063654027
247.49784171635125,247.58070835669918,247.59528998527895
247.52430829127448,247.66240364860278,247.66213026639969
247.4661357864056,247.6078796367899,247.61951849392602
247.57001744284867,247.61730419877617,247.65077802709266
247.50005562539835,247.60879954616362,247.62432990925845
247.57338976448594,247.6157990758403,247.75913433807142
247.54301072377203,247.70462592776028,247.71150362309595
247.53190691291917,247.6689480694484,247.66220958362211
247.55450067738286,247.59822694996677,247.59484894585484
247.52746115080186,247.6264685508641,247.66182703397314
247.8196859045708,247.9733407534095,248.00163199203516
247.84643852769977,248.01314324337326,247.98631359222392
247.57600411977785,247.79792755661052,247.82645284974964
247.92258946141982,248.06959184921197,248.13222468894665
247.20142507284848,247.3414413594317,247.34474428538292
247.5119018276253,247.6386386455436,247.70667930523342
247.2788494177831,247.2507802057377,247.26834784487355
247.26703124506932,247.24380520427755,247.23075253623057
247.46216925620126,247.49071101268035,247.52731774627864
247.71047238153255,247.85154088546463,247.88022372495493
248.0480978231636,248.33981316807578,248.17898576605353
247.67996865097476,247.84317177028666,247.76448102284823
247.25671784092017,247.3036747235568,247.45346847835134
247.29128434770868,247.33664022951925,247.34826012802924
247.540741982002,247.73059711838712,247.62649981087478
248.09312733768022,248.44511328715916,248.36114259390496
248.23787332569034,248.64783008385282,248.58845800045736
248.25596673714153,248.5942721754428,248.5956483222267
248.18573722120087,248.5025173010546,248.4327423659311
248.09833278146124,248.3932932534449,248.27581363684322
247.05220089497078,247.13245998848572,247.20362513882017
247.45102895459152,247.58351874361966,247.5812306702087
248.01849877741276,248.4415098957515,248.43716347677014
248.15451586886417,248.3734976046468,248.35985028573154
248.12070216859746,248.47799028024784,248.48068053917632
248.20765494836218,248.5420409307891,248.4645390131323
247.18545047710822,247.4090820247463,247.49695936223816
247.75183154519848,247.87149565080355,247.96145917626802
248.23565602261627,248.61006743092366,248.45331244188984
248.00692730288864,248.42570824064796,248.40000151493382
248.15511038672872,248.47603403388774,248.33486007947337
248.24727783292474,248.601921159335,248.6072578710288
248.2661644864185,248.67911712934261,248.56390004893876
248.28659177003112,248.77918644146274,248.61526637042647
248.3757901623619,248.76339433905042,248.7458468613332
248.03190479285306,248.34816987242874,248.31845939890826
248.23801639663338,248.68467348539687,248.414716411095
248.3587907519517,248.86730576143543,248.7256667183778
247.26653870829102,247.6022698955079,247.38762637137262
247.2380333997585,247.37089743219133,247.43757825231842
248.3389099135502,248.71590813609092,248.63419083887624
247.94580375117533,248.35468382434507,248.30178809982792
247.46671361589662,247.6218103459379,247.65252862449952
247.25927743768915,247.63544208237482,247.7560712362841
248.36818463251947,248.9061994208453,248.77162073587414
248.27232940574262,248.7715580361208,248.49693614813518
247.5605911141537,247.7840049513005,247.54851194634816
247.57482544235063,247.71252353221973,247.7516547206509
248.02619987446306,248.41364753570883,248.2599753022479
248.3962848311431,248.94545570334014,248.81876248527425
248.5144125814742,248.9547136188636,248.84251494274
247.6656624051732,248.0337502775525,247.9674123926394
248.00319110808638,248.41767722493267,248.32146886297545
247.48913718583927,247.91224464999377,247.83226946139607
247.47126542194232,247.6808394454334,247.58109354173268
247.09372622703,247.32950166428094,247.32636115070665
247.77750100520683,248.08933931838726,247.98285152311007
247.27483518473213,247.3995080310756,247.35598947062513
247.59355431071313,247.74900520107974,247.540504391188
248.4466992137984,248.8502901170458,248.75932676539193
248.20487783795303,248.58618150259957,248.39889927607217
248.2289260409468,248.66289001503426,248.6095200834947
248.29643370051406,248.65702162922378,248.52369037245535
247.7098875051917,248.02869821362427,247.88040540037474
248.36861745264383,248.7276191604095,248.5467634778321
248.38812937237248,248.72193711066507,248.47150971996166
248.3377907941108,248.75536402300688,248.54364773190235
248.24013497332177,248.74172803114845,248.59867969298801
248.1054186680509,248.43401403435013,248.24573980955557
247.62832265725447,247.85755379500955,247.68240482620033
248.28423670947603,248.63750548944455,248.44940890329195
248.17106240733344,248.53011149699364,248.51985748964728
248.08222523939025,248.51364763385197,248.51582356388585
248.10041181362433,248.4655045149447,248.27839568766615
248.11752560879202,248.37289363410616,248.2191588932899
248.10337790599695,248.3786172820045,248.2536116883677
248.17907741841134,248.52310490849501,248.34922266253116
248.1088545354278,248.5103630293991,248.40123112244078
247.8446612882193,248.12976148998408,248.14939056327984
247.8902172989709,248.18220550457923,248.11185338172908
247.91615311925375,248.17523246571807,248.08926076950277
247.25108978737484,247.41842766788804,247.44594504013102
247.6141261345718,247.78951962019283,247.73094372851148
247.71001688371857,248.14469822957523,247.98477953087914
247.88805012065984,248.29987222133173,248.12059052583402
247.29504461255806,247.40310754685277,247.46190979708314
247.1675038648205,247.2611933108045,247.28780591321373
247.91088631185397,248.07576216202065,247.9738072082183
247.68468478860845,247.88766352837297,247.9755981828305
247.29259609229166,247.41355947115812,247.24777888037215
247.98229770810119,248.2564644499,248.1510584524665
247.77172253011773,247.95633030079117,247.76759793408175
247.73516517734402,247.99684122524218,247.81902319653915
247.69964785281783,247.96987116883892,247.792703101553
247.68644592448115,247.84375834314616,247.79758650040628
247.57063180936902,247.73609960303298,247.86717940178417
247.68342257484363,247.8318718972352,247.84740331598067
247.55437447592115,247.70021569793963,247.67275871993402
247.52346530415747,247.68292361473306,247.7262862879219
247.49672400703435,247.59070934829234,247.704691670916
247.58133096771954,247.7026276691153,247.63686514987756
247.40094082942193,247.57414013502662,247.53868417109797
247.44245076323656,247.48733345373162,247.52120245289666
247.33925751308277,247.3973405774671,247.32188345146278
247.28855541775314,247.34053267843484,247.3289866863918
247.36224086833658,247.41850193031118,247.3347511934793
247.28755156077528,247.3758913847265,247.42932724457097
247.24841847713054,247.43628567958018,247.4395149844384
247.12158437948418,247.047978867083,247.0877594752892
247.1827467411582,247.24143719513194,247.30102111674157
247.07664475100265,247.07591289086488,247.0392267967677
247.14430454962164,247.15032315299578,247.3220657220622
247.15727064950406,247.01941964274522,246.95642106705935
247.1294382734261,247.24029621340713,247.2030283735768
246.87235967953976,246.89793297279772,247.04741853703212
246.85813541071315,246.87225949383912,246.86735809327726
246.83312423658083,246.89231607120996,246.98952081276394
246.89638940858825,246.77940413692167,246.7787598892224
246.7825684543423,246.76235060359136,246.76743189530737
246.73235050595838,246.70066986621867,246.73796206636734
246.76943514274177,246.72869128110466,246.58491950424775
246.64568320422774,246.62456847322713,246.64102915498074
246.6735614149811,246.64150294700437,246.66689386334727
246.70208108608992,246.61472277914035,246.86992209109644
246.56546478925083,246.63699212235764,246.57252115059225
246.42545027182544,246.4223303773078,246.67855689152438
246.74420125896742,246.83279538740615,246.86268746840733
246.41463767674674,246.5609572338338,246.70249500182692
246.68716176025924,246.66090986058688,246.90913821630863
246.64890092496103,246.5753453324846,246.7269006286374
246.5613257282831,246.4610985119465,246.68416346769834
246.52975244965694,246.6268970718346,246.69925202156224
246.47384558631694,246.72669935408715,246.76602532093912
246.4279483557159,246.61644356581763,246.78521265740486
246.51363669236096,246.54952474987712,246.68848554174792
246.35714688546312,246.6455494683231,246.69992094965394
246.3867188012083,246.5445625611742,246.61113781672643
246.5012316328809,246.5787991296927,246.66648906111254
246.41815191496707,246.62211364366007,246.69378747790867
246.60654352004207,246.58169821315735,246.72555024710343
246.7216121392771,246.5169521489703,246.70363426905146
246.5571467696721,246.5024291805947,246.7116073984768
246.5112238871283,246.46295456448433,246.63282560851226
246.4917032261547,246.70253591731537,246.733504369316
246.65531067316516,246.72393821452354,246.7058526117766
246.80061368898012,246.85311025704326,246.84834688779827
246.66678973531717,246.61262204395743,246.8183884956107
246.6799793428352,246.61579563298812,246.8446609152057
246.68392184878275,246.80593280533324,246.81995069683347
246.7204755019396,246.7458825568274,246.76502995352564
246.69558544418058,246.59925752359067,246.82195290872016
246.61559132288446,246.73511369658164,246.85099473332343
246.59510730303086,246.60711520278664,246.59919878771237
246.74812371886483,246.6374225523397,246.76305421432528
246.69813303076964,246.67004600174272,246.6321192514998
246.75643780182477,246.70650260833312,246.64822010565928
246.7477558777023,246.76678161307404,246.80652668714342
246.73275241817285,246.58941974404544,246.7350983156178
246.71345630811737,246.65634777053933,246.685688373275
246.60149878306538,246.51086665210946,246.78623092833308
246.65996768051178,246.84185016091652,246.9556245866946
246.7959310982741,246.51941204468463,246.5971655837894
246.94659329019314,246.84604066452783,246.92486703846825
247.08286176047105,246.87500006272654,246.9499879364496
247.0487485038554,246.83005913478547,246.98406820958394
246.9288177959048,246.86088839761615,246.90749239656228
246.94691464587603,246.79595469215587,246.8923683485209
246.90553676529544,246.75600706978395,246.97456006766166
247.20471204935,247.12890996140797,247.19835388533556
247.13929136204732,247.00049115205402,247.2904797320048
247.16860729441655,247.09251509218683,247.17905072993898
247.06964631956046,247.04355955647165,247.1579708369834
247.14788552470424,247.07821877148533,247.20552382744546
247.207596386381,247.00346789504457,247.23134158971038
247.43889240110832,247.2545640680057,247.29854738941873
247.421279893466,247.2353735316428,247.31081947642758
247.4527604534717,247.3016861391066,247.40116486494907
247.4419053566787,247.3362252202278,247.41868076625934
247.35981479616157,247.29359520371338,247.42023724266977
247.469039179321,247.35158858310854,247.41099544724668
247.60872252115783,247.5404695426332,247.53187207064664
247.5470885290921,247.48490212350976,247.53646906307014
247.51553145923089,247.46595821768815,247.54949444811626
247.60438541055078,247.578635740272,247.60338288859379
247.70477272488654,247.47990459266745,247.61050630532128
247.50437290109159,247.41918620209677,247.5850287878312
247.62938902568754,247.6582049162703,247.6826441037632
247.6488776184431,247.53913666693506,247.67559102324853
247.6865862852351,247.59723545748804,247.66694429576853
247.75570023511537,247.57368880462138,247.72365740843873
247.68090543027537,247.66059410389124,247.6436801968205
247.65547473850867,247.67589986082152,247.6634573981295
247.75173668527373,247.7087613477071,247.77606447776532
247.7221402448785,247.66645250268218,247.78662298316976
247.76372852806387,247.65687892107314,247.82913744115393
247.77336016777627,247.67971043638212,247.7411634441011
247.80582700368296,247.73813905797368,247.7990010106557
247.65100293647367,247.77850120001546,247.7332673334901
247.81084114406445,247.77624033058245,247.9233760308508
247.88399412374136,247.850956364322,247.8863422104295
247.84836974218013,247.78688774508743,247.81656614391127
247.80463487175888,247.8380633334967,247.88887318012274
247.9161999665539,247.78687389779998,247.84334960937682
247.82336171093772,247.82520257818732,247.84742178675123
247.9035063636466,247.88785162458007,247.99779157512182
247.89026875413037,247.8093883527564,247.86651881887067
247.97016700422958,247.87285540637558,247.94374032287735
247.95764843841954,247.90495368062997,247.94863152998948
247.90506149190276,247.89239671778358,247.98228268426212
247.92315974135832,247.8569295895312,247.90363851293205
247.95842858958986,247.98778712218444,248.03701148719904
248.02979575115705,247.93646150952293,248.03839841550368
247.97664670152415,247.9371022665547,247.9879542310549
247.96290017330767,247.96278050639933,247.99005508975205
247.98694188089786,247.94025614661552,247.977438816239
247.9615266851222,247.95855113523618,247.99772833534772
248.0027315730881,247.8418545675214,247.95662012736918
247.97839090752475,247.94401585503522,247.99491879522307
247.98267106750356,248.00812203121336,248.0251397644524
247.99275626486022,247.84852725752262,247.94693564109835
247.9514519795047,247.89702971382948,247.97455709817032
247.93555479076986,247.89174639935803,247.93253238550156
248.00008532863058,247.91585359857083,247.98691503845282
247.98847505047877,247.96503671927002,247.9823490785882
247.98975050779546,247.91532870483175,247.96525174811356
247.96282480590435,247.9156170874846,247.92667553435504
247.97372586410776,247.88794812836403,247.9614214210662
247.9732630949019,247.8803102257745,247.97068777814474
248.0051011609681,247.9179431196395,248.01590365034616
247.9469727004512,247.8777709941657,248.000712563825
247.9813213761809,247.90899065209146,247.90460803658831
247.88581553104265,247.87012116404478,247.86936521796807
247.96673563797353,247.89914166499702,247.96016832777428
247.88557018149055,247.9174114208362,247.97928838542964
247.99972011222846,247.86174514467996,247.99706153257674
247.93765344469625,247.94092793849433,247.9862306634731
247.95355879530499,247.9434773214454,247.98125999234574
247.95514307877238,247.89380430881633,247.93573957146717
247.92938043758485,247.91198539530632,247.94731043905688
247.93313465419476,247.9127512052959,248.0061963976088
247.8858831810392,247.87999683223836,247.90353142588245
247.86988338360186,247.84786889456495,247.91785933051258
247.90731941401728,247.84484522826548,247.9024087422309
247.8960783830505,247.80780041785374,247.96017330702108
247.8527884824294,247.8711462395422,247.9364763266738
247.91780182774335,247.88466968420607,247.90129793809183
247.76494837670563,247.77733671732622,247.78089931885467
247.79035253180467,247.7567344162306,247.7890595344001
247.75823245969602,247.7885729040754,247.78651164747146
247.43903569759212,247.35112141715277,247.53719868993943
247.48566674553106,247.4539467657279,247.61277461269918
247.48489558608685,247.53111032002911,247.60128979614518
247.46276181022833,247.4034795740029,247.4913773184895
247.51402327804965,247.4726050103566,247.4734073782658
247.47949341575625,247.30484219996177,247.53564400210576
247.5107806685181,247.45664718473498,247.51234914154182
247.46364146164015,247.49875870505593,247.48784348245135
247.45922513022182,247.37512110918695,247.51895919070822
247.4274019788417,247.42460820080922,247.39247512917657
247.3925780492929,247.23305853003455,247.38822389492063
247.4210044745039,247.3673999943043,247.43759455382988
247.4104960831576,247.42135227834027,247.46292843855798
247.45012211578265,247.26697145770922,247.5479924358926
247.47811783335902,247.52942850514023,247.45993114316644
247.43445337658255,247.3202495977034,247.53450851897787
247.42036529571968,247.47097557854946,247.49572330683412
247.4200743580783,247.52747001392726,247.42874714539988
247.41822784534017,247.4085906007202,247.3179765820854
247.51059800169034,247.42450708594743,247.52353891508085
247.47457804369887,247.47648509443832,247.5376981531839
247.33697662069005,247.30416573193972,247.47970524627294
247.41671845300598,247.44139919803243,247.48421774050001
247.4124032303274,247.4468268400061,247.51954572825855
247.36673543885362,247.50603013056605,247.5272862391556
247.4413495527133,247.40534020504126,247.50182051073367
247.50626874495995,247.5262760389752,247.53422475270534
247.42207982287047,247.48118295566925,247.5784851470274
247.38426300594622,247.556253929166,247.5480476758389
247.4994966991641,247.51980987391394,247.57862680020008
247.34930269727485,247.5535391293797,247.668364030149
247.37722296724755,247.66738070696582,247.60819201012737
247.5582404208612,247.69296142532656,247.6528357253872
247.55040029960352,247.61690194229038,247.65307041036766
247.53477156511968,247.73697942972447,247.65219868132215
247.5619541292366,247.6284063534846,247.735227459328
247.57500217467626,247.67797746350425,247.6815419193951
247.5496822372126,247.70166635519075,247.61377567185883
247.45801151437877,247.77048807749085,247.66064683376533
247.78434120883875,247.968763386679,247.96790919156265
247.8464936391285,247.85754840960544,248.10801489195438
247.5905132839469,247.83269955295896,247.7990276154311
247.9039833654213,247.9974741256418,248.03084005431657
247.27172947112942,247.2837084366262,247.34686523179258
247.5952865764646,247.5987643132051,247.65059740553053
247.28912642826472,247.17511347358794,247.22822640398277
247.27266690194043,247.11573044149247,247.21182902214466
247.37212199286736,247.45483599682248,247.56719441252616
247.71057095258485,247.8741912751762,247.7885593341898
248.09725823353182,248.26402970537328,248.22385751313232
247.62413227700236,247.70485894061133,247.80956152407686
247.29156618951603,247.29835558412987,247.47157145129023
247.29441863430665,247.308722633473,247.36801007405438
247.56850002705988,247.60999296723125,247.70870445814188
248.15344170591746,248.4861285489946,248.37495944077037
248.25623021319657,248.57600333458635,248.49022293358024
248.2394088333358,248.59081628725787,248.5318011575575
248.17442922829605,248.46420368016442,248.35677995773938
247.9843310357505,248.37248877832866,248.25412282701978
247.13174768160863,247.02701887334095,247.11753510833947
247.42123909708394,247.61299374423643,247.59900485478136
247.95794738885374,248.4207889796789,248.4582621984137
248.14737939480165,248.39148013701683,248.14684971870685
248.15734167872566,248.46901120227488,248.38073412335532
248.18644964716268,248.55240730140892,248.4256902930934
247.2990659473535,247.29032539267084,247.29136907149936
247.73770166304675,247.93203059764713,247.90640394107828
248.28680460006277,248.4932675788092,248.42004874180554
248.08142406959834,248.46914517490012,248.40259306571434
248.20121369072427,248.51626606130446,248.36029609917003
248.2805865936419,248.66631291034543,248.5924970642346
248.26345927037667,248.69157909128197,248.5314345536841
248.31019550804555,248.70673566997104,248.6891526003687
248.39860975225633,248.6698227654537,248.75463097969796
248.0360641459417,248.40026038834702,248.2774148532978
248.26669280258082,248.63593783045553,248.57844826664538
248.409026047892,248.77209943530383,248.7394520632051
247.2862405452738,247.49379560669502,247.54495886413153
247.26321378346054,247.27059818607867,247.3820321429967
248.28221553471334,248.59081461073748,248.62987145476544
248.06214849628518,248.42399101104755,248.27064691242592
247.49584427261274,247.67188031529784,247.69786798458642
247.44380205447845,247.50877375584017,247.5943089624689
248.40118101343185,248.82472706156153,248.81410120967547
248.34782478768895,248.778981566793,248.67516354148984
247.57543804737398,247.84367757045277,247.801806809103
247.52811243736306,247.56283017741913,247.71782757181703
248.0810832655073,248.41773286773943,248.29768316215447
248.47910521944104,248.91658149284973,248.73881063271412
248.5638917952987,248.94387045860708,248.78485428542564
247.73562111996733,247.95246457176324,247.97297402612213
248.12736034243866,248.36757776778833,248.21463068419155
247.56482638099783,247.76361428793814,247.66978364238417
247.5086653254783,247.6687104980662,247.68938079616575
247.1979382324017,247.23813298285526,247.32230904223124
247.80041655032767,247.97818480904735,247.96761659238365
247.27029616838223,247.40633669871593,247.3852619037635
247.51998217018536,247.5844919115465,247.71577680003884
248.42740326392038,248.82904232636395,248.6913330086445
248.16344953473012,248.52530595994625,248.48805223328114
248.3145451869418,248.56560792975174,248.50846033592234
248.24191619352013,248.70154212080323,248.65590464720856
247.6868643042079,247.92535205608024,247.94413556969346
248.42173653132903,248.75103300159094,248.66981001195452
248.232419736168,248.6957550043596,248.60664203921897
248.32117728597154,248.58080362539098,248.62795616191477
248.2771125698071,248.68361884121467,248.63488435392574
248.0731718691376,248.31855099781987,248.33630935677036
247.64704546420134,247.76406416381744,247.71020381356755
248.10738936464546,248.49131517981576,248.54085204034553
248.19738594685862,248.45169662177418,248.44591515587467
248.10620314450404,248.51177827627095,248.32090666624597
248.1106087010825,248.32903179703155,248.38325349882246
248.0158080221402,248.33514786703722,248.287162632301
248.1222918734416,248.4061270695561,248.29721228418225
248.24816159932067,248.57091837201082,248.3692317291526
248.08820567188735,248.53014280086964,248.36661608963573
247.91719504708723,248.11281329857158,248.13312300970864
247.9026257955038,248.0913535749905,248.1739730963661
247.82705047412745,248.1925763706628,248.1587218358109
247.30000801795634,247.39504420196016,247.37651817079387
247.61418351728577,247.71492620136254,247.82171511649204
247.8817714062723,248.1011603997649,247.99979588567024
247.93359684789192,248.11795941807617,248.19742416814867
247.3811702034355,247.33120052433685,247.4307506428816
247.1941043649441,247.27792814414659,247.29115194939695
247.99875321700097,247.9559565863768,248.06799708469285
247.71723150324388,247.99652310681137,247.85970656968524
247.15602962747346,247.40482534805477,247.4491684212481
248.0025910750071,248.22617073288268,248.13523025736401
247.724374902029,247.84399563524403,247.87162919595787
247.76056247198767,248.0661357551699,247.93351499055075
247.66737130514394,247.92004752814333,247.88298259240992
247.7104651050194,247.77954652850684,247.7478594786041
247.59690694118467,247.85119582292393,247.74623137710398
247.61288441130614,247.7064386401706,247.83832883534865
247.53376403065224,247.58060134935747,247.6780185677704
247.50691994539085,247.65611692982932,247.64002856098858
247.4945295631401,247.5110478831093,247.61407701282434
247.53289534557257,247.53409941327672,247.6657007333542
247.36706081169143,247.49968775691707,247.60239857598353
247.32839900010177,247.5299432317429,247.51604963690698
247.30174141577896,247.44738849539078,247.38766034255795
247.1992911684825,247.2588762096731,247.36151024627918
247.3746303427392,247.2640810287951,247.4204514296517
247.27167844467147,247.17951051927525,247.47185963657205
247.34846692970794,247.41153569316435,247.37930743653965
247.06350281718605,247.08337835484895,247.20960483882536
247.23315686287333,247.07341308400748,247.2235733247209
246.96692164337162,247.1230073130007,247.10924087051936
247.20909463331608,247.24162407747593,247.2632284193961
246.99712156722634,247.06684558737302,247.2134553071776
247.06063527182653,247.06622377485147,247.2085291796103
246.80475405345064,246.93056247139407,247.03879037050177
246.82594482590264,246.83332919921682,247.04009593777246
246.98190636958378,246.74730533089246,246.95361317420856
246.86451422291864,246.7885461372605,246.77451393269763
246.88088167202253,246.6890990968292,246.83872345063585
246.7078589484633,246.4370786537092,246.7731854991477
246.66449436282238,246.65996105020412,246.74118893471942
246.68510165712442,246.52505022376414,246.85193596038536
246.53127099146514,246.67806417475805,246.7917633605882
246.7297713728072,246.46887551896103,246.6486603399824
246.62790024374613,246.5262594243603,246.49925535779138
246.425651932157,246.4831124672862,246.42478271901018
246.83569759036342,246.6200942389522,246.7891025031243
246.61001985265597,246.38582309951653,246.8101042855483
246.6381514169991,246.6102012341099,246.81070606521897
246.50106608783105,246.4159206655594,246.57750332382616
246.56322061059632,246.48639012225726,246.6871490566483
246.4823391506716,246.5365766563505,246.64980753865623
246.6354838096014,246.73385393883729,246.54640346209405
246.60048246726168,246.53560993360747,246.7038988847672
246.491910305003,246.46927648354398,246.59965670897296
246.54443088434456,246.65683808971139,246.7121402371458
246.389073645776,246.63288526342737,246.76641635532295
246.58366696913436,246.5088860875206,246.67215040539452
246.386291110183,246.57888902873077,246.76010531411777
246.47847036379412,246.52855756671474,246.7199674883851
246.617985728997,246.6205002762736,246.61029659506363
246.5747656089797,246.49149503762726,246.61190798854105
246.5080580497643,246.50288755591546,246.51165676134028
246.49860348897576,246.56475085518406,246.7714152406399
246.52185884075638,246.56497744371939,246.65733989553033
246.65416527244562,246.79344816484453,246.807044247044
246.71162340522525,246.65781447698336,246.87312467848642
246.748051194532,246.68402698678264,246.86063295452868
246.64294687469408,246.7516257705525,246.89221374195503
246.6825772039166,246.81372857054788,246.78571240250383
246.5995488983519,246.59545145546133,246.70693583517522
246.70314730576519,246.62740824229363,246.89348486988015
246.75467261841192,246.63556047048493,246.74647867975986
246.64287954346204,246.69484054827296,246.63782610865846
246.56329099972845,246.5888996738396,246.6838173764885
246.77010660558585,246.64103095991544,246.91588346089765
246.7353477791629,246.6439931547714,246.72642298410938
246.73003742888596,246.57457401959104,246.75891653434255
246.80742595240235,246.53486151551724,246.8466399993987
246.62678655386102,246.63184098896664,246.71305595892827
246.9487076689618,246.77457658910217,246.9941169833309
246.7780198595406,246.73977476212673,246.910456636445
247.01797374984838,246.64393594675573,246.98538950039895
247.06592114502507,246.86859394631134,246.99566141935986
246.9532206689913,246.87823435482542,247.0774079712958
246.85222201023058,246.80755051777615,247.01278245916825
246.9237426955916,246.8189384553496,246.98806514382977
246.90263958928466,246.76669995578334,247.01175547732197
247.20652368829434,246.93360338355097,247.22110888796024
247.21535939677295,247.11738463285963,247.26355369930224
247.10920215752319,247.0493860175987,247.15475929874188
247.1079973608205,246.9712667279342,247.14779883259627
247.14696238289824,247.01147955368222,247.1880091473255
247.12699692957173,246.93531661453278,247.1492506151508
247.4031482779402,247.40210143347122,247.35673729763946
247.39116262363228,247.38134230462663,247.45046901196804
247.45293766304403,247.2737961238189,247.4047589490168
247.426204591135,247.29150702199692,247.45635024514198
247.40047540506364,247.26392107489326,247.3653017512393
247.47000675396652,247.2395220633508,247.4419239680806
247.59621354033743,247.61482004222225,247.61425232957544
247.61790944591144,247.47825941289017,247.49365061723836
247.55348197811588,247.47816930003674,247.5291706687227
247.54706018960076,247.47129247462544,247.58450164536197
247.66185404213175,247.5636013438874,247.6550883362528
247.58928147748375,247.5109564558841,247.57354522141185
247.67485119836698,247.62906650439717,247.69383584801338
247.62067991831276,247.56410246889783,247.6155459968024
247.72942168922557,247.74763077016362,247.72800896094907
247.69401451168017,247.6077966449258,247.71563113030638
247.65576761081837,247.62680088299453,247.69384986918888
247.64240215618995,247.65332415649686,247.66334946670756
247.71676779623695,247.60819440748682,247.7570325018572
247.8007937603417,247.61200601769235,247.7916525806364
247.75231888465876,247.70957132803568,247.80889324290143
247.67970069868053,247.64756152491438,247.73959058893996
247.70514946095759,247.67699075610372,247.77359695164515
247.71043452304949,247.6592996560041,247.75648519441577
247.88757628090153,247.9219941982295,247.9328637952132
247.87854059626312,247.9189200105816,247.9171163606513
247.85552198794193,247.83464613395842,247.8225967970838
247.87713966608348,247.74593933212626,247.8473153545454
247.891020924261,247.77141912093128,247.91205146185214
247.80348445945992,247.82390415742512,247.89983065821136
247.99234373299987,247.8981604371056,247.97106518338012
247.85102485619808,247.818273252288,247.8814042211245
247.99223100713039,247.84295549796923,247.9509170883733
247.92415861446707,247.91415069352527,247.9087098145406
247.95782847455447,247.8826236038965,247.95856220542638
247.9070378664757,247.878619432406,247.90329022730307
248.0102033306661,247.93551916361238,248.0068999080929
248.0129847844361,247.96227666542512,247.99605694705798
247.93680050486887,247.88406577390487,247.99120822740008
247.95137918132113,247.91137415726888,247.98364590816576
247.97316445662742,247.993353391008,247.9523901419394
247.99450266324666,247.94371860482858,247.99311338279415
247.99514833498915,247.94456592854704,247.959670325526
247.93410849851733,248.00443036593282,248.00709017345264
247.98775863408198,247.9773192590457,248.005582665343
247.95339500964337,247.93475292802142,248.0173958326231
247.93160981444288,247.84647269024626,247.95580071579047
247.94765098330578,247.94152598262852,247.97836429548934
247.98913695949963,247.97873582726544,247.9933858668324
247.96420488020885,247.88233870583628,248.00164369145224
248.02144347088625,247.86505527726686,247.97241991044444
247.94054308575397,247.88162838338812,247.90419661146393
247.95353185374955,247.89938331982546,247.96223940065454
247.94701531618202,247.906009773487,247.92622461673227
247.97636939143916,247.89499952375473,248.01045373984942
247.92986656150947,247.937008838136,247.99008011569114
247.968662314762,247.925559523725,247.9847006997656
247.90788682355557,247.89644808227524,247.90882833998066
248.0030588363846,247.95758540944712,248.0340625807
247.96657810374197,247.88972240020234,247.9214329074118
247.96343641282195,247.88923266851202,248.01141839168676
247.97202028101694,247.91171218491243,247.9482043041002
247.94917288258074,247.96308080902358,247.96334175709208
247.98708255423884,247.85751564953955,247.97027278486968
247.94577377502333,247.94031366034247,247.9234688533783
247.98070699291776,247.90896474452185,247.9714954454947
247.83993200824602,247.7967925427197,247.93360789364573
247.87955525655437,247.7838469084518,247.89156812235893
247.89080983913396,247.8258127492552,247.87576619199982
247.95377981075129,247.95378121734487,247.9371470586459
247.8734101863523,247.79984791894498,247.9124087954103
247.89826642370352,247.8905273524646,247.92230023820636
247.81502457876852,247.7840339688426,247.83289168118128
247.7759581117195,247.80716413870402,247.7684198455527
247.80570073861807,247.76686625806667,247.78411701565543
247.46518733573623,247.5065174231901,247.45387108635018
247.49323067769436,247.48438177981976,247.49658565828028
247.47791820634856,247.5107814305863,247.58668980953647
247.4581543264707,247.36933601474365,247.46526607482608
247.4916572501406,247.3689792179031,247.53893927652385
247.4401462897105,247.39619979461256,247.53976973415934
247.51488735640953,247.42097529659594,247.5408039292711
247.47079978064644,247.29990812714556,247.47374436105233
247.44795203907918,247.46817773700099,247.552941097962
247.40692910752506,247.35849370612357,247.40157268843188
247.38527758551868,247.38899636021827,247.48036121771958
247.39254976380144,247.37395559694338,247.46272601586247
247.45399775091673,247.32875451417294,247.50433458628066
247.43396079324864,247.346500910019,247.50276632910172
247.44270866231872,247.45062215474826,247.47320841205013
247.4491601063393,247.46078406431707,247.44721324696204
247.4192068853398,247.35685397368437,247.44055397241348
247.4416309872859,247.44127910997773,247.4473843367653
247.43780534809602,247.340596319883,247.56346482267764
247.5116331640924,247.4083337749963,247.5237678106447
247.42843524445198,247.4144229441854,247.47996278875775
247.38251798719895,247.40934561618252,247.4588406901365
247.3286515657153,247.4910739682572,247.48852690746241
247.40785843270467,247.41658301254532,247.5352376186583
247.35012049637444,247.50111324045062,247.56369359172112
247.45285384654545,247.48798752202674,247.5914571760695
247.53785078020877,247.53033108600962,247.6439671083696
247.41918714182236,247.5959271596013,247.58081565651284
247.29786002735767,247.33177646966152,247.5901853574181
247.30351408943287,247.53039248199138,247.57891534367914
247.44139702438537,247.59840982015197,247.62118171363096
247.41642212456833,247.45012146927712,247.60589582158514
247.32667975187246,247.52383940473536,247.7426545649791
247.47537039584608,247.56318580568697,247.6270090762756
247.6101025077946,247.58610766715958,247.70460095964737
247.54352280781958,247.57958629053303,247.68525118351937
247.6314379572977,247.55379066949348,247.77366696873167
247.4490057229975,247.62200456152132,247.69069002343198
247.5362767642137,247.6784211833763,247.6399346906689
247.69171044556379,247.9447990899787,247.9886416850943
247.7935046760898,247.94161144070196,248.07875334005413
247.6165245831424,247.79769101068558,247.7657875467939
247.81759104687703,248.05593191420115,248.13122454082284
247.22731522315493,247.21911748550122,247.39040428323563
247.5037335225557,247.68101656963233,247.7306240840711
247.26552292990087,247.23917072803587,247.2847040463423
247.1721272041267,247.07738421194165,247.26389529886563
247.38998695594043,247.40117376252707,247.57857026679076
247.67839570763485,247.80716858087845,247.7780787728155
248.08045260722858,248.3362787939187,248.2715197558535
247.6740447521202,247.69255318861855,247.62300218513667
247.18746465264542,247.14833211744036,247.42923580029387
247.33392778036375,247.28417281397088,247.33513176111762
247.5001007514978,247.6544838042088,247.75911388541022
248.01456054288465,248.3203160140482,248.31099224918924
248.2188014585995,248.65917100716223,248.53953227378955
248.30579343708007,248.45426960272653,248.53849782122361
248.02748485017744,248.4750247552608,248.4564231827287
247.83673841354445,248.17717050663782,248.21392172181115
247.12036681070484,247.12112797924394,247.16394397789844
247.3805360708815,247.4218043944056,247.66953893625987
248.05384976536638,248.36055129876956,248.39943977951486
248.01754313577607,248.3958000956294,248.32200521768098
248.1773397592127,248.5479515929102,248.41242749143387
248.26661751404893,248.48451108716063,248.4430843993781
247.11890224529188,247.24261263450325,247.51755055546312
247.68477953529123,247.93568669810585,247.93982761918588
248.14049451308435,248.48406361655768,248.5781554740299
248.01690988080654,248.34525009262893,248.3690816104935
248.0325481405739,248.36010076991195,248.3973370399398
248.17461290690224,248.6573998489073,248.5855615954943
248.29241740396338,248.5118177809822,248.5894019959744
248.3409449402671,248.66271910305153,248.67009548837132
248.3510586582997,248.58949245621275,248.62069834681603
248.0731226163178,248.3195486508699,248.1989899837726
248.18243550115304,248.50142147020256,248.4989794171592
248.37874999800914,248.87292127930584,248.6942580542496
247.32232420716426,247.5452452293845,247.46057185165319
247.3225144819924,247.29231488470666,247.27960525338844
248.35942438776775,248.73318924689815,248.58146380411662
247.9880416012938,248.37398956619563,248.15954741677345
247.42423860313323,247.60307266134387,247.67879551591457
247.4771267574832,247.50108386026784,247.54851345796604
248.32137692587725,248.9167881592588,248.82286912437587
248.3988401635954,248.61722293527657,248.6354415800742
247.65510798893433,247.82548612397773,247.82150968027443
247.4185925893483,247.6830194488123,247.71341660753774
247.8869996960509,248.30991085034168,248.2671321817976
248.49303778900165,248.87487519424818,248.80178893775036
248.49626132384682,248.94592659521572,248.86309579407862
247.67536675350613,247.96386940341654,247.90937655710349
248.03383505435045,248.36257686883613,248.35476324932048
247.57546397133933,247.9052281900862,247.78706854408756
247.43366156730207,247.6585761719194,247.5654309989823
247.24096339219807,247.22620911170702,247.32627141031767
247.858985963892,248.05087616973137,248.02613879757385
247.28315231596343,247.38809115766784,247.4197841612985
247.48980945439976,247.6842442039082,247.57545446088298
248.39702752819727,248.75899160139988,248.70151280813877
248.22439161611075,248.54010946534464,248.4359235997831
248.16247651438877,248.59304618703382,248.56488846681748
248.3128495796289,248.62783368583092,248.5591244126514
247.78498265722783,248.00985051198134,247.96087836173274
248.27885774735978,248.70306963525576,248.64264294926485
248.30482856489525,248.5844351701258,248.59586571835567
248.23678313495284,248.66453834900406,248.60285823346163
248.2188103267237,248.65179603155386,248.56308340614683
248.06226197703606,248.48759634940552,248.39379110792265
247.55710601373295,247.74939124859515,247.72378389347028
248.297834545081,248.62340912802526,248.53106271049063
248.1715109472006,248.5476074266802,248.42493428228016
248.1570960720632,248.44188160403533,248.45407516202064
248.1115523377421,248.4126744692407,248.30651841995544
248.08853532931056,248.401259326059,248.3117568307553
248.073394136684,248.441126179584,248.33416638965838
248.16856444758184,248.4752198819709,248.4485303053238
248.12525164915797,248.49489489506698,248.37450501818935
247.82861221425898,247.99142039129168,248.14013002983555
247.80734991456504,248.16426338702374,248.04095161647632
247.97880248209395,248.20276907627667,248.1166451925026
247.3269832114822,247.4014050822944,247.42659521832576
247.63228822326695,247.58908485264476,247.8083038234196
247.82348887753048,248.0618330372929,247.90428833871155
247.9931718742972,248.12803988277096,248.220674881616
247.32785518214556,247.3460195319364,247.49650612957095
247.1415138880834,247.05500318852634,247.19781500891156
247.64323460454352,247.94794911174804,248.02134050505865
247.7440123120289,248.04114001161946,247.8971351554175
247.39622150118805,247.26038694111887,247.43438592803224
247.949102866387,248.05385507912138,248.22264060494874
247.61403991958082,247.98203275171,247.96864183107823
247.62820662545104,247.86847974709315,247.9421985439
247.634263000026,247.90853120976968,247.8290655495147
247.67513237215041,247.78808966042183,247.82658429269657
247.40840571746696,247.8149800587896,247.8127288523531
247.51230281545415,247.72923795415088,247.79997451065563
247.63589557732877,247.4345821170846,247.725117136998
247.33749123374204,247.29815819576953,247.59117289759232
247.45106553216948,247.54057225491067,247.70296239442328
247.5312980182844,247.59227298462127,247.67366301212988
247.4967553825613,247.67500729288682,247.55736784574327
247.2450860371142,247.41202012792326,247.52350798800245
247.35876756649523,247.45357001489387,247.44086359476088
247.21260104205786,247.21071996834914,247.3851007641689
247.30338817434128,247.17252021536478,247.4741416770886
247.1840766288041,247.0947303980998,247.36535798930979
247.18198962562755,247.4155142276363,247.4150802654474
247.11244521250666,247.01385826309186,247.20967472021078
247.0139072036262,247.2550188697943,247.32040441648
246.92336972438812,246.91361251092584,247.15531185554192
247.21847752586345,247.23322995913583,247.27940863918462
246.89923319685042,246.75982213260718,247.1530307778272
247.00854831622095,247.06148315795062,247.17222867071712
246.74539892782852,246.68337248237165,247.035479020382
246.7780787153063,246.65209795073866,246.93682770167723
246.72660376232304,246.92352643309076,247.02760168638596
246.65775778992293,246.66455393964344,246.90428832800566
246.8014505466354,246.8165766485662,246.89873119896174
246.6290338644673,246.69251029857213,246.72639715956552
246.64040506698703,246.66362433771698,246.77881279602653
246.43918368222288,246.53011900553332,246.80111930111087
246.5468354958294,246.5225748279982,246.76766716719516
246.59449663674582,246.42115097808784,246.78510905362057
246.54946584646967,246.5082492407753,246.7417832070111
246.357334059586,246.38571556010598,246.6101733949437
246.84484329924257,246.78662485394435,246.91211444675247
246.65381073042542,246.65450347106852,246.77402365738376
246.5989853545569,246.64134140215975,246.89217878721655
246.54181238939665,246.51071186457096,246.6943794479006
246.62722145935427,246.45765975422813,246.6270864094629
246.43001425660867,246.58241707896735,246.7908653986601
246.62251083891485,246.6437683772815,246.66137444106818
246.62154239416626,246.40739004166713,246.5764111896131
246.65883628044438,246.53188869666022,246.45381874005335
246.61527384997714,246.45433013048506,246.71605525463113
246.65453195574318,246.42058774706342,246.58452212984807
246.57046821290743,246.4073971621429,246.63367271167994
246.56095645915207,246.73391515764837,246.74471753721542
246.52842007626347,246.51696584021843,246.54142176518468
246.43768383437975,246.50131945212118,246.6885533141417
246.59708588945003,246.52769701397958,246.64575920357868
246.47360487436805,246.32937730139128,246.59470573980883
246.59894772211098,246.51398657335645,246.72106904175666
246.75664980335532,246.5813531553645,246.709623639619
246.67611011194094,246.60567465348953,246.94533251524402
246.51724184456498,246.56640206747258,246.90661848560887
246.74749418574447,246.62107173372496,246.86036831538806
246.67147341864504,246.75527310150284,246.79827324628772
246.63314726205854,246.7181152949033,246.7635049728851
246.40962416417057,246.52795765168173,246.6599623932123
246.78592561296543,246.5941783043608,246.6948813824461
246.6549446866841,246.58878013449387,246.76730519682883
246.72878357015324,246.53931283588125,246.68038770511245
246.59467172607074,246.7890930088187,246.8268366004445
246.8035183560354,246.6730328709403,246.8682743614968
246.57202793066813,246.49644624641616,246.8061926184663
246.73440630568095,246.6625796095784,246.67526301541594
246.74178584363085,246.73746381391837,246.84470098083403
246.7053772267779,246.6027147184686,246.65048806391692
246.67095891843508,246.83795571858923,246.81024068075365
246.70936301109822,246.69458594248752,246.89323022792593
246.92362380672262,246.78932950992248,246.94479348267853
246.9030001878637,246.84871933572848,247.02590277809887
246.97347803158573,246.83527261383892,247.1548602277373
246.90013127094673,246.9172133656905,247.06646425289057
246.96132066712192,246.83770151413395,247.07309549175872
246.94712309551915,246.69453772723543,246.9863718647109
247.18320364522742,247.11033481504353,247.19548728458122
247.1310545548552,246.97598857943854,247.15667876947143
247.07574030876225,247.15291931173522,247.17000965367737
247.20780520563923,247.09123155801979,247.2190499206577
247.18218763139026,246.88322869714892,247.199603729351
247.1515620411917,246.918383740462,247.1550171075768
247.28444472680135,247.23835494638135,247.39810845849522
247.44607287714754,247.26429663415027,247.4155952490208
247.43311712331558,247.365127399207,247.5140335237703
247.4484669228311,247.3132351705266,247.35531560087244
247.40697696466773,247.34026968393758,247.42795797776492
247.37560266334432,247.32224675074082,247.47139941564316
247.56307328427206,247.59937819462496,247.54517232278067
247.54114279147674,247.42127154400757,247.50353091561325
247.5431645851214,247.46179841631294,247.55940895718584
247.60213011134863,247.57871246924026,247.5727140601546
247.6449324339972,247.5124948903469,247.64455327438208
247.5497815455366,247.5014278841968,247.57066016962546
247.67204049601597,247.5779270202282,247.4875620878901
247.68496986099777,247.59974415942892,247.51633064185583
247.75797236502711,247.68999509094175,247.74705845078827
247.768298091944,247.66713516816884,247.68978914577403
247.6623689798552,247.66727366574497,247.8308951629196
247.66395998577497,247.62953716242302,247.49379613281468
247.76778971589803,247.7229122351474,247.6555157169825
247.79934036070415,247.7347541713088,247.8227345468076
247.8212265527151,247.72381873255026,247.70068221910546
247.75489923882452,247.67797024095438,247.41230784319822
247.76947953347297,247.79369448521584,247.49083501684078
247.79097248380185,247.71108860471378,247.70188428877904
247.88354940492647,247.8947246844993,247.88779431655126
247.9013510214252,247.86439110860726,247.88579603999884
247.87286553628522,247.8484907802977,247.78058069053733
247.9055263736666,247.84632177856795,247.79377610037753
247.86455729549797,247.88826166838112,247.81943239469547
247.87900917627672,247.79385734999374,247.8626590953251
247.97076519992055,247.9260034545225,247.85017937167598
247.90201130414908,247.82142691794667,247.93156453123646
247.9691427212026,247.9572411846047,247.83265314477234
247.94278259616337,247.90437539766745,247.84440492851257
247.96685265378372,247.91375555922082,247.8766858498421
247.8413474430154,247.90747984004753,247.93238702346164
248.00421067870934,247.99812129867772,248.05259249475716
247.9740429684003,247.9919425866448,248.0752395366183
247.9964561039493,247.97643286300146,247.8319136593714
247.98874642168238,247.94771668822915,247.89431354561935
247.97620188345527,247.98310994204473,248.02536921284332
248.0003175917861,247.94435658253616,247.88830123316967
247.98843117155056,247.94547156426495,247.94242769213994
248.0053729693038,247.95169489613284,248.00289108486385
248.01317307737014,247.97624528799932,248.0420588114002
248.02056662949923,247.91528763753814,248.01535723659453
247.94764226220911,247.87208250457567,247.98895251718614
247.9682077291973,247.9450932572723,247.76367773836867
248.02697735090396,247.96254747699942,247.98810335164185
247.9919189141346,247.93150366195087,247.96019413324876
247.9845643028513,247.94406955461503,247.97765349710565
247.914284879653,247.9075731950265,247.9597146787676
247.94155891313204,247.8997625474256,247.9389776408416
248.00309478276245,247.89692465495267,247.94592314607164
247.98070760043282,247.95239296502947,247.9836135140122
247.9585597601888,247.91249308417824,247.98059060747508
247.95864080200872,247.96593105921113,247.99988864300633
247.900176224532,247.92715566980033,247.93147419942468
247.9840195564674,247.93582711426814,247.97079881378974
247.9252152895761,247.9258598692381,247.94434880567957
247.9992143530752,247.92105326325716,247.9894950062691
247.99520310162245,247.9161820273322,247.9835416289978
247.9329038577142,247.92144451451583,247.93979841885653
247.9671316334757,247.92916507635843,247.9785955188045
247.94309297049867,247.91285635965954,247.94154144666294
247.99208776481612,247.9609021508165,247.94809811179402
247.89445569838597,247.89235435893625,247.89610742702536
247.90490015705902,247.86732916148682,247.9166590575268
247.91829821918495,247.8818484803255,247.8992472244891
247.92874682367807,247.91680704299787,247.95047745916406
247.89367010433332,247.83284533856795,247.94246302074345
247.93438145026082,247.8820907341727,247.89582740686214
247.8096410071119,247.79602308303265,247.85615747120596
247.73896894144607,247.81993822182335,247.80086711960166
247.79625622020032,247.7718464798636,247.8275772659337
247.46449212677686,247.4553850007134,247.50886201009828
247.5402170809627,247.50751353392062,247.53609518102607
247.53360944116952,247.495132065974,247.56398806638148
247.47301803056115,247.44851229155046,247.5310943934659
247.47428659250863,247.4579756632881,247.508806596403
247.50158701418346,247.44935466225058,247.53095598007644
247.48191440585265,247.4660716461945,247.52691502647295
247.4869779470391,247.45339286748361,247.48296004718722
247.4761313558427,247.4626585355585,247.5090469355239
247.41035192565283,247.39308224711456,247.42597165756055
247.42183503365288,247.39133484404954,247.46296680251345
247.40511162242603,247.40100607560333,247.4690362684019
247.41654335206624,247.40237128657125,247.5257128355444
247.42380178355697,247.42375073857852,247.5124302890065
247.442240629926,247.4883930911045,247.52135861082033
247.498758352144,247.38761218730698,247.50966436097272
247.35097075414447,247.48435698029084,247.49020974151836
247.4683919792479,247.44255359950495,247.4840804579101
247.45202778181832,247.4396100827862,247.5197435883709
247.4633448845196,247.49316884508968,247.56436517932508
247.4384028157981,247.50403278782514,247.55412331564952
247.37165014356472,247.46120124960353,247.459170058448
247.4104742979445,247.45209623843337,247.5504781513895
247.44140465413403,247.5020582344857,247.54123713902717
247.4110081394672,247.46912555957857,247.51592263768484
247.44833376235664,247.57024862190502,247.58934211200094
247.53519086627932,247.59638894282983,247.61062734476982
247.42342246121524,247.4823380579376,247.5865444835354
247.491985607473,247.57846037910127,247.55868423302311
247.50193276655756,247.53637584558845,247.5931885225595
247.54148681768032,247.68647374674228,247.69284197920197
247.50331030254074,247.63515043094463,247.66323869967937
247.5484745645229,247.57482225139805,247.65219367395477
247.4964027089177,247.70452662687993,247.6401000876347
247.55565958004888,247.63371822273635,247.6655189185622
247.6333041921988,247.58415669832075,247.67911551149575
247.6137640326909,247.7242608160703,247.8006533771413
247.55905242130416,247.59973440814687,247.65143809202814
247.49877236817665,247.49516277546454,247.65605045826644
247.76137466442606,247.94196744682367,247.916170825668
247.8914569110306,247.99286887743088,248.07144289912628
247.62843099628356,247.65136157244234,247.77690970909114
247.8539537127383,248.06450928386224,248.08289600092596
247.27981804361798,247.300531302097,247.38700746792324
247.58790098993106,247.64327697736593,247.73240825418594
247.24033074399205,247.28849305465505,247.29115420845136
247.2668239636305,247.23295542490234,247.24719966355036
247.4335389176532,247.4576407831015,247.42736289467044
247.69124234596606,247.82006505251786,247.93076625390566
248.07511856773866,248.303530262034,248.15120923753202
247.68424557409043,247.76027844850856,247.7936659018971
247.21925603044798,247.24390401155614,247.40016680009387
247.33499835316152,247.2531256618954,247.40107532300559
247.5557521285778,247.65055582320196,247.84147387659527
248.1686542188217,248.4519201342291,248.32897134540863
248.30407419421,248.60368360383782,248.45302125415373
248.2455480647689,248.55017847519977,248.38131892894745
248.18044643711235,248.5237409853138,248.44004258811444
248.04821862560237,248.2742153411944,248.30433343599043
247.11234002523773,247.0291555450825,247.12339263933703
247.46663894587195,247.44179362247328,247.65786118972989
248.1357691619839,248.33202894628343,248.4450860229142
248.08081305048276,248.50325580526697,248.46194476521177
248.19254950333163,248.45627219874186,248.4602996220966
248.16412646700184,248.38382391828029,248.44748544555142
247.33738604091485,247.31717292474366,247.45819543719432
247.7574274573431,247.98021701956878,247.95977814355325
248.2462226875711,248.57723144352153,248.53741057557994
248.1449127397944,248.4614556091214,248.37460735346517
248.20277805454168,248.45031121677644,248.4640071474014
248.27987689315964,248.64649363516182,248.5386213973588
248.30417361290696,248.6589245272887,248.6222911582373
248.23840870553104,248.81700278270486,248.63982690621592
248.40146662692118,248.7062797425173,248.654762741918
248.07573142172473,248.4133228225292,248.26899087354602
248.28050592632476,248.6431786114028,248.5092443428704
248.38971765470524,248.82734209976257,248.76547279034662
247.37626624749313,247.505239449116,247.55720121792044
247.2616517381314,247.30336188509216,247.38509260296985
248.32953152922877,248.69270810374562,248.68786024950737
248.05390628584362,248.31438084688085,248.3685275180041
247.42048556607332,247.61717816671992,247.6308915435934
247.38079506433724,247.55993461835035,247.59527921830693
248.41778838021384,248.8323232565215,248.68586172461937
248.3593084139344,248.73231548422063,248.69844308584135
247.5517786156292,247.8491561564378,247.7949135978841
247.54821411130615,247.69846947470273,247.68447088925276
248.0454108909635,248.2448770868968,248.29929547766497
248.3821071881046,248.91985688598132,248.76337402825726
248.47959504919945,248.97573820841353,248.83073971216652
247.69118656612832,248.06660601724874,248.005270534702
248.0179547101353,248.35667772398796,248.4272081203839
247.57100183131305,247.82562001281238,247.81973572331393
247.4929231069255,247.68071838946219,247.6980367912371
247.2254707961117,247.31805132141,247.34389391168853
247.8037188893196,248.06134764915717,248.0227910819116
247.31263920456144,247.3615614844476,247.4978989038344
247.44741923201536,247.68873885095132,247.67632686375111
248.44852688129112,248.8415752868258,248.77465092354848
248.100504137771,248.57480620659462,248.43997828387234
248.13088118956185,248.6185840416312,248.5777377803814
248.19540609082011,248.64982505060846,248.575138013489
247.72720858845423,247.97439786352305,247.93484924854212
248.35646048639495,248.74031313961294,248.6653888394262
248.28908325499748,248.61447575032233,248.60405787345297
248.23398303987648,248.65287005696672,248.63555563093792
248.293567391671,248.67653407157823,248.61363407737446
248.0808282179885,248.4155474258685,248.4123155284332
247.5877352732473,247.80941553522237,247.77037276115976
248.22812567684923,248.62847050554046,248.50658966908807
248.1997775765058,248.56821810484047,248.40513739541504
248.24059543586242,248.494888524728,248.3679776975275
248.10359036927287,248.43213735874002,248.43223543726347
248.03447901413836,248.348318442098,248.3046741492494
248.02011919115105,248.38355519600043,248.29779263431308
248.10953093133324,248.53324318680478,248.4441708117597
248.1334882362002,248.41191073856632,248.37698855042314
247.8851972169075,248.1200698922312,248.04550532753834
247.87088292297483,248.13734947683693,248.17594476506972
247.88898735826513,248.25147321384458,248.02950021898013
247.30830093728107,247.42810906011118,247.3176415620374
247.62948713815223,247.76597151558317,247.85112498739184
247.74969495133547,248.10815628637786,248.01398497664337
247.99380724323916,248.26000568250234,248.1105458562638
247.31249231837074,247.41840171331413,247.3317726346866
247.2322587522389,247.2267716638611,247.35775698042067
247.78623537877505,248.07139325832384,247.81082215656767
247.73797286820232,247.94891678830248,247.72450848228974
247.38955703527483,247.37917866406684,247.333558330464
247.95146834242337,248.24933335363025,248.27746638424398
247.55467732628037,247.94008925612303,247.9366336740083
247.72377712466027,248.01728856744703,247.82223962612215
247.63923541084466,247.93522783712484,247.7041915132421
247.68528769278706,247.87152808106896,247.83309737001164
247.50545682641174,247.82429196227488,247.60908107084754
247.6574316190763,247.87099032330696,247.6581689521711
247.56508523725236,247.70140696866008,247.80638367501243
247.56405277451523,247.71095183183897,247.70356611619238
247.51325829580026,247.658379663127,247.82802861397022
247.49977431493463,247.62439476311798,247.73659505173225
247.39875820082048,247.50705786551842,247.53179150749187
247.41477514530135,247.54655239734248,247.59028208199229
247.32405946292036,247.339864119358,247.44287732983702
247.32385564425226,247.37495028770226,247.3966154133514
247.30128703313838,247.42420022400907,247.32771888181577
247.31951065987457,247.39373838323328,247.37249392405724
247.388001691484,247.3468941401525,247.51165063962927
247.0679911134088,247.14284639836575,246.91798080676864
247.19142472436602,247.26635336856424,247.01458547061162
246.98766404147588,247.12681469831642,247.11295380101512
247.1072583736591,247.24050931213068,247.3919010022131
247.06868352054295,247.1038590064538,246.92041827608787
247.13839186633714,247.20155639268523,246.96938915407534
246.83130060708012,246.92866018722964,247.04949949359374
246.8252757430426,246.84843155750718,247.0210748810911
246.91467316456163,246.9135613288753,246.77680643762392
246.88764717465494,246.78735790630492,246.9927291467114
246.8719300651205,246.66768673921578,246.74810736605815
246.73984391619175,246.53782654451746,246.4928654188288
246.58018678731494,246.71714678242896,246.79988145235453
246.64802904417772,246.76001242994903,246.89407895582923
246.57754540826065,246.44669000264975,246.9063799838225
246.65762965039963,246.60972871742888,246.61390500525877
246.75489778830786,246.52805667130443,246.8525903134728
246.5357125195699,246.40892961175683,246.56162379139732
246.7519672495915,246.70214208594376,246.4399488980715
246.6511859953944,246.49828630596656,246.68298181893405
246.74390080014504,246.6401762263555,246.8082395253921
246.75507794982465,246.47877413198967,246.77568316124916
246.5863575730916,246.56237729072956,246.5420330367312
246.53392611200175,246.53726824235494,246.74835576452534
246.67347392339525,246.59953523434365,246.4763504449314
246.61587002216905,246.55050179618976,246.8161918903947
246.62964316652665,246.51919909147097,246.4587019879059
246.5823702669862,246.60185799905747,246.82401629718558
246.6534548974294,246.54299853887844,246.7779375493864
246.6188349403835,246.53022021182323,246.66061908759312
246.53056465037434,246.58614568160309,246.7164052113521
246.5056769031551,246.52003028918398,246.73953473363048
246.73748808560893,246.5208387024189,246.66455892893688
246.55262998932753,246.4551973312781,246.7531945880509
246.46188233096433,246.36854546023824,246.59600123199908
246.69488103562603,246.69453484085236,246.81141847024793
246.6811665085047,246.65632366260309,246.72413144895737
246.79856811426006,246.7236055253591,246.92037893113687
246.7948641825442,246.7806246669686,246.8249482023529
246.80649231671697,246.74603810922113,246.88726850458573
246.7193360006325,246.79035840870893,246.90326822588685
246.80144716598474,246.6687374815091,246.8122539014038
246.7471188837663,246.565795431306,246.62480463905194
246.67827284694596,246.5376835623848,246.8944316108811
246.76187013291357,246.7249220616985,246.81095391536363
246.70816240716096,246.6620043324546,246.78309485866768
246.74322039096296,246.6450539388671,246.6653314296883
246.7787593232154,246.61501058978703,246.7840555583316
246.7590649693771,246.59561990598047,246.81225177970336
246.5740953557804,246.6536145397232,246.77263759163733
246.74978089956187,246.70657339548129,246.91461103160708
246.6800871742521,246.6588915614565,246.79000190694651
246.8063572957417,246.7329371650686,246.9186110495122
246.6968925611995,246.65586825387203,246.80092541541993
246.80090791986692,246.69585281964544,246.9549763392139
246.9493352970394,246.91940044529406,247.07610140732368
247.05999583879395,246.86731091099537,247.070767250096
246.98599123506168,246.7154129821271,246.9860720701629
247.05907860938004,246.7003290071694,247.0194964920413
246.87542957230093,246.84413449272944,246.96889297716123
247.21872600513717,247.10102618094405,247.241345738706
247.1858333397577,247.05778172396464,247.05274350148375
247.15762684457872,247.06996362412323,247.0687948387274
247.087395549795,247.12011364820486,247.06236129337358
247.19759844255987,246.93155749038,247.05003742064764
247.1929680532556,247.00420393102507,247.1253033103393
247.41524429451246,247.25462609397775,247.40556139832177
247.3595146457981,247.2674243368285,247.3693972843543
247.5015488668164,247.37422356226946,247.4690615257292
247.41066151543612,247.3595692956344,247.4470535295271
247.33784701275718,247.21353005698018,247.38488098225304
247.34233718796852,247.26419441823106,247.4610898721071
247.63719292742945,247.64136968923253,247.6045979040563
247.46316145337366,247.43211930293816,247.52444636528887
247.56544671796212,247.4453725346522,247.5955314970023
247.55123177789267,247.4872569516701,247.53228488837243
247.58877437566298,247.47163653465756,247.58484224367405
247.5810205779103,247.45875980870133,247.51406395405988
247.6816578198437,247.66767523809705,247.713775486001
247.64176492297221,247.54350013136792,247.70325614175738
247.7036057936217,247.65698394698467,247.7229523924208
247.77423192609396,247.6252229691607,247.65370477454536
247.68064903935831,247.671655430864,247.6947295198157
247.69129805861976,247.610025659109,247.6605571091313
247.74278011892935,247.71098173034045,247.72011241120492
247.72871932883587,247.71809572141615,247.77859270096178
247.7588373561126,247.77884421905878,247.7874589994247
247.68795158399803,247.7524211755929,247.71061396738972
247.80216285244865,247.73939525314705,247.77342372874693
247.80121630404176,247.66909552901015,247.78060656471035
247.9373068432226,247.86876370433478,247.8391068161837
247.8846320842737,247.8195058363768,247.8635532583129
247.81308938871476,247.8173321728703,247.85081822570527
247.84828528180566,247.79196893961068,247.75145506527596
247.79103276349375,247.8401610694031,247.92145278915112
247.79415108295012,247.77319233259703,247.70741059450728
247.94280871476641,247.9034803717747,247.97877681797132
247.8432715585065,247.83985790594178,247.90489355816462
247.9990342685598,247.9247992176172,247.93373431356196
247.96647856621553,247.9142825932892,247.9834538307672
247.98496336425188,247.97026068577597,247.87214786422612
247.88518402312462,247.8865092200356,247.9541757397512
247.95770461511407,248.00010901154033,247.9514136210145
248.02568784013556,247.94618450816643,247.98706727862287
247.96965323242915,247.9906117624418,248.0272463992076
247.94126169524714,247.92455395817004,247.99555977236923
248.01795851665509,247.94430954708457,248.03559107574145
247.9501598124758,247.97488773278405,248.0297305171884
248.00693029415038,247.88953180760842,247.96083904973082
247.9900078151244,247.97350708600402,248.00884091725968
247.97989687637127,247.9493156464786,247.9786511710546
247.94883883730887,247.95118556467705,247.9968075500665
247.9175940634792,247.9155040947751,247.91484305208394
247.97975391382346,247.88704892524825,247.93233218820848
248.01714264745212,247.92519621093152,248.0346088701004
247.98952101220124,247.92950111852286,247.97960115665106
247.99896481175298,247.87237055980182,247.98944879663438
247.93135112183109,247.85575996098873,247.9281010752165
247.9564127962083,247.88377047982954,247.91649949070776
247.9815423578838,247.83354286211096,247.90807911553551
247.9631335877211,247.9538925085289,247.99435051689213
247.9428850899317,247.9555754961601,247.9691083872265
247.95089842871164,247.9566150926451,248.01418500638465
247.92213822228695,247.8895965812529,247.95276700681524
247.97538108291764,247.96002858239456,247.97893860855012
247.96450002980086,247.91250887441586,247.94415061920355
247.99496381605252,247.98327329580454,247.96201901376392
247.9783597119436,247.9392694403521,247.98148927889682
247.98166582659692,247.93543128033372,247.9678759729044
247.98036437331893,247.9473314527249,247.98498286266832
247.96188657732978,247.92244424800444,247.92319332885342
247.9743909671345,247.93869245732577,247.98198360850247
247.86702955711226,247.87761314762437,247.90124168840666
247.89741650682473,247.8726913750414,247.9370646030601
247.88168683430393,247.84637519945352,247.85233963175023
247.92119971759902,247.9075571219077,247.95453577668843
247.8886071716904,247.89947759280483,247.89104373029846
247.92802899894443,247.88911935621655,247.94806730843956
247.82587777147714,247.81202831264355,247.8843937213695
247.80596615969702,247.77426050431873,247.85729938848897
247.81877396521347,247.74475651277325,247.84551009225356
247.4518018256178,247.43534907268807,247.4806591113502
247.54466165448594,247.50008559426158,247.5479375107416
247.53589490692917,247.50447169016036,247.5689841144397
247.4637346053859,247.42109990620742,247.5001904460839
247.46308434840617,247.48371450878102,247.54437711246067
247.4965712033747,247.45341124960325,247.53327094732927
247.48939402986667,247.49496266958644,247.5473579628448
247.49913473426236,247.46370271967584,247.47561470516447
247.46563745668522,247.44389719481924,247.58164137220578
247.40115918964682,247.36377347202404,247.4229072653938
247.4316947103451,247.4356021183171,247.427612837707
247.45269045379877,247.39581514568766,247.48978132300604
247.444623104696,247.40307697075082,247.47713153455894
247.39840287425903,247.48094382060393,247.52892925451528
247.48434620704387,247.4990488606508,247.48340750243872
247.46927656054575,247.4575584701378,247.54109597124423
247.42543221891603,247.44216384595498,247.5272939607158
247.43598102286967,247.42445542419534,247.54957837970574
247.46386340396907,247.5136808797879,247.50172876841145
247.4845993939309,247.53710269313376,247.5714940495922
247.46233709152702,247.4916658319008,247.55542441693458
247.330574508148,247.4488341654323,247.4516748232393
247.42145259529482,247.42707287820306,247.49600416945475
247.4369398718434,247.51004595477403,247.58932858263742
247.36450770043072,247.49073860457335,247.54408262428836
247.47760876563854,247.55923982831683,247.52386637902288
247.4881825979891,247.55215291154454,247.62051681550875
247.41412916690473,247.53586209465908,247.54641875984274
247.4270897353284,247.5664908663725,247.60252661219545
247.45382780116392,247.56545922682642,247.62204483333355
247.5586984083706,247.60071985708817,247.67543479406643
247.4507977142745,247.64774956497723,247.6186331705575
247.54457388356533,247.699057109786,247.69941093053885
247.46689779564045,247.62758300505453,247.6245580346239
247.4610231804485,247.70084376535377,247.69912379145845
247.55124332908863,247.73414546205632,247.6849144877158
247.59452076615443,247.7057164493007,247.71510951673866
247.54020530947838,247.60795041098936,247.5904756105751
247.48958624083158,247.68862196107852,247.59705480992895
247.75608547288033,247.91518885934198,247.91683879160774
247.88619017371184,248.0534881035103,248.06628928833763
247.60876082219642,247.7188121192305,247.74140262910385
247.87780365616993,248.09393447094496,248.07019255588335
247.30167696520806,247.23424709466346,247.3687928724685
247.5315566921175,247.73280238706997,247.6894196555994
247.2788991087152,247.2746076160665,247.32822501946785
247.15529754576832,247.1171804836386,247.24475434098656
247.43570613968961,247.4217037818472,247.5018489313193
247.68434562863482,247.9131054782797,247.8892217493102
248.06146702965614,248.30799378856213,248.27842474914863
247.4440317758028,247.79285470561476,247.7598364308982
247.26179029321082,247.2570059732933,247.32553526398127
247.2730976514941,247.40228704224782,247.29854553417638
247.54361557749024,247.73837124205136,247.68570707431115
248.06241918867516,248.42946713294214,248.3382088286306
248.22821099046345,248.67269565277832,248.53136457107468
248.2519479139375,248.44920881871704,248.50185036110798
248.1668223068234,248.5542887938113,248.4852933019273
247.99079601359796,248.36923622831065,248.35725565399645
247.0426070164825,247.02608532958322,247.138269222329
247.4631481254573,247.5620111173219,247.65470483892904
247.98808528066655,248.29627932878648,248.38336919694052
248.07982228190514,248.45549593737425,248.37707335652033
248.20682724170334,248.4957967059834,248.4482506779231
248.15579020705178,248.37246236758187,248.440714076466
247.37738072585972,247.3906412798602,247.40391784377488
247.745821627741,247.97679273365995,247.93504838086986
248.2425684110433,248.4364402055215,248.5123356132708
247.98325284456794,248.36250551226573,248.43031788088868
248.10049392942005,248.3623856269168,248.36744794336155
248.30206342971786,248.56146507200828,248.52104535854727
248.21309535415014,248.63593726378747,248.60180180601827
248.3269684774221,248.68879515863492,248.61662251220937
248.43056593933338,248.7780310708124,248.6996127107845
248.0442684532712,248.13508910792208,248.39069997460666
248.1761557951187,248.62600527644585,248.39205574585606
248.3884964779903,248.83645155169614,248.819233502116
247.330544898966,247.57292108691988,247.52023098493802
247.30189188590043,247.37590680551241,247.21416045133196
248.27969229942943,248.69899909392686,248.59836760005976
247.95146004931138,248.38671857274204,248.26575687949517
247.4332860863541,247.52714546274296,247.6072237783215
247.37237161020678,247.4897376925719,247.73214857528455
248.39129513038014,248.73725958503354,248.58939782901328
248.33924305739302,248.69350530670954,248.45139194521803
247.53905074924813,247.77427664091547,247.76992354006043
247.53069368540832,247.75046505042226,247.5137246465757
247.87676466179502,248.22890799648434,248.12050026725396
248.17128842953738,248.81521613073227,248.4398839955825
248.32886735689866,248.89350133195137,248.84817453224474
247.65422266314405,248.06234244119716,247.6989299615355
248.1273534106654,248.32242936945758,247.91983755060696
247.52754287026428,247.83974956528155,247.63050211281055
247.57747510656208,247.59293485884854,247.46343012883736
246.89904546594158,247.32048234307652,247.22663698954483
247.6942726360672,248.06917762664966,247.96647552093242
247.19535809034903,247.37266547793118,247.46095347034668
247.35324448912985,247.80111307887964,247.57533081084358
248.43849711063547,248.91750667865725,248.68108546435042
248.144238544322,248.65652107319994,248.40539586483064
248.1390094430168,248.59380174680024,248.20685292681267
248.14914006558527,248.5235428100138,248.48724644066698
247.4608530946293,247.9589239298893,247.91482597385908
248.3030471347998,248.66400541868927,248.37312004562705
248.17391242116906,248.68759538977824,248.3469507989079
248.33105261601648,248.68177710878803,248.47759397137318
248.1520077188931,248.7274206539843,248.64451377790428
247.95588990572992,248.24204469930856,248.32160366591617
247.43620240281882,247.74218638912714,247.70180036769395
248.22607367347433,248.605023876255,248.23462970830158
248.0763385332449,248.45241759139026,248.45491898431408
248.1776966155048,248.4363671664008,247.97144424286807
247.9142657319339,248.29129869410696,248.13018599155433
248.0085218462088,248.25887255760077,248.09618672909758
247.84334600063127,248.39366098178,248.10880812272055
248.17374310584353,248.35710370231513,247.7388591432506
247.98748643156415,248.47272735794448,247.99394717730337
247.96521920807893,248.10035848901666,248.03442703740438
247.81403071444606,248.06905367437233,247.88865970617968
247.7465946946688,248.18277303320298,248.0245631147338
247.28915392892142,247.3296093413219,247.19747178238933
247.53087184413647,247.62747270339676,247.3158555785687
247.7403069497937,248.13935473541193,247.5867577896414
248.01829544828882,248.20566642644266,247.93616607062413
247.33525371023998,247.4532987867608,247.2461587895514
247.06974385684657,247.0955660766099,247.0637631357728
247.88043197353974,248.08239882438278,247.48182147307082
247.69297212200254,247.75247198913777,247.83682578216863
247.35618472610807,247.3235461998168,247.46557824782815
247.96731597615775,248.12596934677416,247.80017148651686
247.64093396511777,247.85605640057835,247.9676103191256
247.67663942450042,248.04283966616268,247.9533221791207
247.70583004052395,248.00990378476612,247.48120188284307
247.55654961247805,247.96201367113446,247.67757692611858
247.46298538287547,247.59344779686685,247.5174519129998
247.69257565143343,247.59394924426186,247.41131347632677
247.45977288901048,247.64817161974048,247.48014895940304
247.47350941236812,247.55074874659817,247.4611724002468
247.305115053159,247.47695537581072,247.5259851947063
247.41659841638236,247.607084400811,247.180746716863
247.31777498315213,247.4770218104162,247.46324987895713
247.26752959197995,247.54003724907767,247.31234108744613
247.2465969955939,247.21971156204984,247.08029917231107
247.05816019200486,247.3053698788873,247.36939330950858
247.17165564360735,247.24303134468533,247.3777475664214
247.18092551754805,247.15468600789103,247.31253359327997
247.32749757084073,247.29698671358352,247.3096518726466
247.05530511623127,246.92950114236308,247.12576799969798
247.23294332568972,247.22753906335407,247.00083272301384
247.042018187159,247.0509039989588,246.84620834865473
247.1543721251938,247.19057640565867,247.00652919792378
247.08582782670757,247.14393906772713,246.8757498541686
247.01698550244248,247.11189120759576,246.7438180141369
246.76935673129748,246.68519977821668,246.5302301019464
246.6253302788438,246.80088087563473,246.91047352120208
246.765164807726,246.7359219449038,247.06038487170812
246.75597580840193,246.77020747683244,246.7551929276403
246.7844836575341,246.7225616606393,246.626711368713
246.7044879981438,246.6332760216625,246.61817771882895
246.648355477068,246.67227817735554,246.54657369272445
246.67709401931523,246.66404323714565,246.50605655088472
246.65090570865624,246.3260819346417,246.64899632408876
246.63863359232744,246.52173178717686,246.33800888220378
246.738634733659,246.30472156908155,246.3479578018585
246.4937957366895,246.21837341673975,246.43014638431734
246.6983958782587,246.64826011462412,246.78004685780562
246.5244134152061,246.72656723273838,246.53919082920004
246.59898273773067,246.68549105755818,246.73867319234526
246.6506577203579,246.46071047250385,246.5571718612947
246.610336099238,246.59981386109143,246.48898804146242
246.564355781378,246.42516459384728,246.7276307466696
246.62356476962668,246.55370923188485,246.64375587868082
246.51835262212035,246.6375625891336,246.53003480308988
246.64847351850202,246.51407146761136,246.5627027419142
246.4920048175566,246.65762890586083,246.7469332326454
246.3982865796013,246.36558039668168,246.69564509366242
246.43872063836974,246.3964665596597,246.55142490818162
246.54865201365692,246.5521837359736,246.51726997413394
246.5499532729851,246.3453924746263,246.7420289244592
246.5471983995844,246.6050881401703,246.4470115457782
246.44897113195853,246.55694234432974,246.51694010254084
246.5243027902255,246.36552856996587,246.48955740160753
246.74601773943706,246.69812659931213,246.72464047616137
246.6114929986375,246.73445365761518,246.83156307483054
246.81356031032064,246.6446390632985,246.70135170745215
246.81283149587836,246.6066278770088,246.8721661349582
246.89237025311027,246.70987815944218,246.7238556969409
246.70011998873474,246.61480286420993,246.56813866591057
246.78360749799026,246.73997863691093,246.85900024233086
246.71720366436435,246.69091869088413,246.9128178499394
246.6530620803172,246.68928331414818,246.65502082949345
246.64303444463872,246.6581140726199,246.71774036153244
246.640438048915,246.51270279284515,246.8819366211282
246.7266087129834,246.51651774376904,246.5732803642199
246.7781316403348,246.76385193365294,246.65731299855173
246.7698680877809,246.48543953636917,246.8426561454552
246.65212974055274,246.6694449788347,246.58397909607496
246.7222885027881,246.57771657562913,246.81222183718705
246.63807338024174,246.49331305290963,246.7123192145543
246.8981064059516,246.74101034058316,246.8426989590979
246.85657738136217,246.61010224143365,246.94550948631863
246.9445682463082,246.73027810272336,247.03576497089568
246.95090682582065,246.92105018393357,246.9663360536164
246.87712597447089,246.89434110306604,247.03672128292976
246.88834958006413,246.85494787354034,246.9613174372035
247.0425071591951,246.78657360743918,246.9855135160601
246.86142839827255,246.8677122188333,246.81792896700807
247.23963280898317,247.1832364406687,247.23978109086127
247.10145306776528,246.87993335837686,247.22558481042648
247.17414676456286,246.89868470292464,247.2381547441274
247.20162942434277,247.03112936801895,247.145070961699
247.1686770489483,247.00234309726304,247.10312406292405
247.2059028672272,246.87072843233597,247.10666149374077
247.3423258503208,247.20848037855467,247.37494256798664
247.38582282050479,247.2817249294531,247.45554505849938
247.43099545999473,247.23472617805382,247.3928273624471
247.40561162376088,247.27336274123215,247.25445158944441
247.33548081259246,247.23748100502124,247.41460307061809
247.33050395455106,247.2815409619725,247.40066881595394
247.58455454253303,247.61176995471513,247.57129789857257
247.49645781172566,247.42074728687982,247.5359861753465
247.5285627473238,247.4168866120987,247.5638443075285
247.5377030498638,247.53356514759253,247.56715403538652
247.62409697672499,247.44867746253482,247.59671764176917
247.53419055285056,247.47476259186502,247.58951795369725
247.63509634815946,247.6467151564431,247.69233310792376
247.5490238671148,247.65624552622555,247.67401055843595
247.61095520639566,247.5714968336727,247.73590938713275
247.59735423258152,247.63969967571853,247.71951938291335
247.66608068188143,247.66761448501364,247.6837426076374
247.67497721813203,247.56139870318083,247.66578364994254
247.71842138544392,247.70831277502054,247.7941709607777
247.73586703403646,247.7040391508508,247.80130117254598
247.81386931833867,247.68654993088393,247.79501802578406
247.70844516717136,247.72623479073758,247.78532754453022
247.76158238486963,247.69942049677516,247.80889989332422
247.76081713873305,247.72072595278718,247.79000523261598
247.85758439079748,247.8098398918388,247.92366347464676
247.851595860507,247.8504591537419,247.9291156373878
247.8598585578314,247.83162621838522,247.85531278254467
247.85697093114663,247.86092251261175,247.92616245567743
247.82736098948908,247.87871638234847,247.8591197321486
247.84324470968127,247.78236399663933,247.86444626134912
247.9656143175233,247.85043921608323,247.95006081865
247.89482865891966,247.79085456983998,247.8991583655893
247.9563887097575,247.9290331134122,247.97774830771405
247.9214011258377,247.9327686124682,247.94038473033092
247.95536707755537,247.91729893928036,247.95962675084786
247.8893230768066,247.8863353537159,247.90432198463245
247.9285370699463,247.99882364714188,248.0514660690021
247.9787293982514,247.9393218680653,248.04453474727288
247.94940346999334,247.94313871150194,247.99905065617577
247.96401837272617,247.9602991527729,248.00638261544384
248.01107606563994,247.95882679183757,248.00209952671466
248.00548573417475,247.9513480505052,247.98020545162825
247.97258909649608,247.93601608002774,247.99436326149032
247.94419034599306,247.93905372469803,248.03501147129026
247.98679671352082,247.9587837752575,248.00189052251693
247.99302170055248,247.9290093822093,247.98176915779794
247.94530068190892,247.8667522271938,247.93261685052076
247.93758056908823,247.88662092464895,247.99630685115585
247.9805710487025,247.99899625739195,248.00631397604445
247.96809321450044,247.91715993772942,248.00994306509932
247.9800197197238,247.91746800182256,247.9612712920371
247.9155084076574,247.82326172563657,247.96913051950526
247.93984590286405,247.87438228624978,247.95778364256523
247.97542979505025,247.84859304273962,247.90505119726393
247.96144556958924,247.89648876402103,248.02532265593064
247.92845320356506,247.92829011049787,247.9880271305944
247.9552421099793,247.87775672635368,248.02284574172347
247.91206102676645,247.9021434489413,247.92913231649038
247.9529144256047,247.879227952405,248.01331871643495
247.95321151220736,247.93144388437608,247.95594892418032
247.95878161967107,247.96362211900342,247.98471613956565
248.00625714837327,247.84097545400903,247.97780120905963
247.95374492648804,247.86995426381185,247.9651468916451
247.94529917669217,247.94803860368216,247.96328005465955
247.93362005520137,247.93659723264787,247.96045505938625
247.96634857910576,247.8739895524745,247.98942454864724
247.83788057401955,247.9018426319654,247.881083829289
247.9181708670785,247.87517796340458,247.91682146211105
247.80660419542068,247.8176188009576,247.88196605842148
247.89786527044433,247.90042427968584,247.96802324675653
247.81272979390238,247.81542577284628,247.94439994858283
247.8606949927928,247.92472580911846,247.88696000380142
247.83694609943072,247.82685052261,247.87126718875533
247.78966519110304,247.74914761125024,247.79839874211567
247.7349415721984,247.81522952573644,247.85302589909412
247.47470508379075,247.42903378909847,247.46679620601452
247.48777637653737,247.51644303126386,247.57841926638127
247.48077919243656,247.45511385739593,247.5709487036529
247.40756897450476,247.454061984416,247.50890747410577
247.49676407890507,247.40554375450327,247.5580660010761
247.42307220011637,247.49105363461473,247.51924832991946
247.4485961387695,247.4677467072435,247.51325713712285
247.42907000254573,247.46863415495693,247.5174336834257
247.47736152192147,247.45701045597417,247.55338022519658
247.3179654144415,247.40155821697297,247.4846054791597
247.41253011060192,247.4353693420101,247.47523065561697
247.41705071450835,247.3971677302889,247.5120709872577
247.34368120818138,247.43120920017176,247.49863081016093
247.3880962998076,247.40879779106322,247.51795013543628
247.48937890811834,247.50740624991874,247.53627731725808
247.50408768991625,247.48407804580324,247.54190267652544
247.3870058181789,247.4501517559548,247.552777926045
247.39226489578678,247.43988290617406,247.53896781150863
247.43748559232378,247.47493821305534,247.52612406707362
247.49350882595175,247.55466703832855,247.5968734056691
247.42648948370058,247.46837726858217,247.58068139732936
247.34205406757252,247.45752625047092,247.5032761194223
247.3852397716028,247.48479758655176,247.55826038941393
247.39875579914548,247.5094795199532,247.5627545330049
247.42327919620803,247.3998538101259,247.54970215552783
247.52372821200973,247.44201184688626,247.58944150005408
247.3989533828021,247.5331544045695,247.6262003711974
247.43531202666156,247.50514245313983,247.55559686422657
247.47670308601474,247.5982221831202,247.55266064028606
247.5383220963779,247.5623148892493,247.62704660405657
247.52136206778388,247.67884050855054,247.70537158524675
247.47975818936848,247.63959501960417,247.61624194502008
247.57534446221595,247.6313334614892,247.63537276866668
247.53358369192222,247.59961432692765,247.6105378779876
247.56631921958763,247.68630209795126,247.72759542619076
247.36619272358988,247.7281529583095,247.6978266254324
247.66045641721345,247.7793104582404,247.6908575189148
247.44602781941273,247.5853481433011,247.67252443108646
247.31931766603034,247.66639125294708,247.69257139941354
247.67338698054982,247.92345073158154,247.921125253689
247.74708040170523,248.04480691907594,247.968393206801
247.53706769639123,247.73181031918597,247.7581033756515
247.84147559475292,248.0835857708516,248.11646420355902
247.30749768529705,247.2682820807333,247.40144501180004
247.55027688664202,247.71505557227562,247.7673197114052
247.2821477467739,247.2418664134564,247.30089528469
247.231440603133,247.15318082288178,247.2377030493582
247.43883083703605,247.4427465294903,247.5031586959482
247.76978508155514,247.84830706450933,247.79653795913478
247.97750773470216,248.26649941477828,248.28614060751542
247.56057133246748,247.811238661799,247.7758247843272
247.15717646755746,247.30153870336468,247.4069325405664
247.31493733153252,247.32574002075816,247.31814656944343
247.56981422682824,247.62682288643035,247.7493844013063
248.09638476386678,248.44202050098156,248.33720256987587
248.23027560776956,248.56727152459746,248.52408604051837
248.22147775195046,248.59860035956984,248.51919548544552
248.18667742083264,248.48060105157361,248.45335203386847
248.09038850451415,248.31665674611492,248.3567247439398
247.10758863474862,247.17204483454594,247.11078285338976
247.47691953449956,247.54539938323936,247.52992681465253
248.05330726518605,248.40034912967624,248.43675180396878
248.1028484598295,248.41010540522478,248.3705277707253
248.21929577552092,248.54592093038715,248.39600429476855
248.1961007076459,248.50275210428984,248.45239676459892
247.33411481252122,247.32031939005702,247.36194466144303
247.71937042599794,247.9018563920098,247.98677085109344
248.2286038396356,248.5223917416991,248.47830066886704
248.11118492810948,248.50508578197977,248.43965487896384
248.1373073728165,248.48214534160192,248.4957002411052
248.2908832097075,248.62893303502563,248.55563827016266
248.19065509212396,248.61688319371993,248.58860229801522
248.3693455186462,248.76618635310328,248.6243718459209
248.35970732440236,248.7436372259864,248.55197695170912
248.0413648416099,248.4116201493579,248.40962277665136
248.28362784872274,248.556866936702,248.59229011946366
248.38654536337947,248.69623851936845,248.75203366570872
247.33353070736493,247.44331151600147,247.57952289034344
247.2059086389591,247.2683726977879,247.13373323187392
248.25741728242863,248.65441418926926,248.60981426820152
248.04516375564378,248.22196916912827,248.2271935807018
247.47177555153783,247.44443221034697,247.66093440759474
247.38474618698206,247.64042896919068,247.63411024599034
248.41618291464795,248.8824660332356,248.77459336330583
248.2980428130902,248.54261283328066,248.6498625124311
247.64244813288238,247.6697743168168,247.7892052663339
247.5546274663846,247.67423820580228,247.63676273609235
247.9683067799171,248.38398214749034,248.27809891327828
248.44676442638908,248.91632870663054,248.75312073567252
248.44763556470275,248.94705244379665,248.7584442301251
247.67092644071545,248.03485282620503,247.99280422185774
248.07729780478803,248.43152734184625,248.3342139757243
247.55522690759742,247.899431256877,247.80674533697766
247.48967923876194,247.57502030671913,247.7352752274403
247.20127896086913,247.36627444019717,247.30243237252384
247.80412912202664,248.0945361737999,248.02000850849868
247.3275774431166,247.46597202031953,247.48344777558313
247.47783773984293,247.720644978934,247.7295539643867
248.45532328745244,248.8405262397568,248.76816418496037
248.1123253808815,248.48953760781927,248.51586216697123
248.24985520109914,248.70708858904396,248.5286476747866
248.22292830920227,248.54335687141955,248.60701372649245
247.78729279842946,247.96961059298286,247.9192651695384
248.3071221999913,248.71590716989314,248.56514481696587
248.30210879372228,248.57958165144387,248.53607467099673
248.23048566166418,248.74094020775257,248.57600442680686
248.24220062416111,248.78284010258267,248.58442777917335
248.15466202090425,248.50922473069093,248.43537341072027
247.62184415213443,247.64352482388148,247.74811834126305
248.20301013053734,248.6085980555392,248.49760210800724
248.12755408185566,248.5296936120795,248.48859466585347
248.03167301061848,248.499438217681,248.39477359887118
248.02512148054814,248.53927108140215,248.35485031491706
248.04589103306952,248.21639798935408,248.29601600605605
248.0251173125048,248.14959669903763,248.28468882428274
248.14322451381602,248.4404864711269,248.37497636041616
248.22212701862736,248.27014696670918,248.44708560421492
247.86870907390238,248.23811676125877,248.1068328724097
247.86589566759213,248.098283425857,248.0822676573525
247.90249344088934,248.1304794926636,248.12002823060683
247.33177975398212,247.44654808223427,247.49120753330317
247.61735501330142,247.72147941807222,247.71740052985615
247.85541036958574,247.9166523407521,248.00376766214757
248.0005603876848,248.33972782741975,248.1831252419083
247.3562730120742,247.38989150305994,247.46426240680142
247.09858626708967,247.2386805727212,247.2480556654965
247.86175712116628,247.91970678351782,247.82482219680045
247.7128967436927,247.82017075284327,247.7672817987448
247.31079669219048,247.3514270872791,247.29998508905925
247.80654312025902,248.01359662413032,248.1758705630061
247.48675313691757,247.87120833012182,247.9417597450582
247.83298619761473,248.00462578146212,248.0020783997407
247.767803321543,247.75608156005353,247.88579820960302
247.41855549870897,247.93508376890674,247.7910572283635
247.4299463684427,247.70431835706117,247.8479699794775
247.3823835360483,247.61074151489615,247.76494668134654
247.4924903539792,247.66685340047033,247.69689389064143
247.56961467827128,247.55341455246767,247.73603774071356
247.51700500953518,247.75819409275468,247.7405624237772
247.3077162687118,247.49683369173928,247.63783572143697
247.48960213803932,247.19135893303482,247.51940179888052
247.2218843600016,247.35971740214475,247.53537911848326
247.08028181532282,247.28186727040665,247.29560253678426
247.20352711152387,247.42107788193454,247.41497975812
247.33754882382922,247.41485165658514,247.38511137077228
247.06686480248965,247.1952920889397,247.3177183391689
247.18531206539043,247.42725760276946,247.44693447060547
247.12441424220958,246.85694908944578,247.0946700111819
247.28295091281205,247.0499986596332,247.36597077912782
246.94634703629467,246.81754161756697,247.01099937791915
246.95893540760483,247.06923862818303,247.2689108439967
246.92202272488112,246.80802210324387,247.2219298356734
247.09411081715652,247.14100677261237,247.18531974401517
246.9022703730073,246.50612597723023,246.85312851024858
246.71922478255087,246.58584034689818,246.937483489122
246.9697930615652,246.6504820665087,246.98347464560797
246.70374998299707,246.46228886982945,246.80998161676368
246.67161610351283,246.31877748278967,246.82820015717695
246.83719985293465,246.46466350656158,246.6400735092045
246.62370191517542,246.64524907626742,246.6712563006852
246.6356708980172,246.4404892755911,246.8519635664677
246.4404559830292,246.59156128635567,246.7332825840982
246.66462207665765,246.4709167095039,246.75799451066644
246.702534027941,246.47377198172265,246.61021333441738
246.4135551583338,246.2484096016678,246.65333740941992
246.56904515299766,246.68517757333842,246.7727830391628
246.57263882731968,246.56612501996977,246.56779821181846
246.6076970081614,246.74961679765235,246.652103713168
246.71677087096535,246.36658537019179,246.5893021716101
246.5756183406686,246.20474959057867,246.45149726083696
246.59108760592687,246.51809703067568,246.8852121854554
246.6374666435963,246.67504340719861,246.76563738670134
246.54680431229278,246.4569551778319,246.735669174752
246.54477774702252,246.54773375531093,246.77980827869285
246.5256964591334,246.366885368688,246.86108796945473
246.66377414177913,246.17247799454393,246.56876565287854
246.49324981877567,246.34698391356181,246.45220474209785
246.67453816925064,246.31682850772813,246.6113439305571
246.57852270336954,246.4752334648817,246.66443005623793
246.66854799136615,246.36248905774676,246.4836612623569
246.46333885976605,246.36640691985926,246.5020696048053
246.48932205683437,246.48500636744487,246.4966858938569
246.66997309831092,246.65034282982185,246.68108399572927
246.6502783403861,246.5337455343361,246.66534066230372
246.80223934806116,246.80477357186362,246.85950050872887
246.74219403582694,246.60132149704202,246.59262127746945
246.71385395375034,246.75872726124717,246.9668142308635
246.7579366436794,246.6534922513597,246.86849314592217
246.75269409888705,246.63637846422938,246.70252711108003
246.6160596970252,246.5656586793472,246.85278316519708
246.49889365385465,246.6490764755552,246.8783109223985
246.6326967247433,246.4982336457455,246.66257108762102
246.6554068318381,246.59890220401493,246.6810498619731
246.67149191525476,246.4007928332111,246.8076340522623
246.7640533536529,246.6662366888076,246.7255820896262
246.77704571057367,246.76612804439043,246.71330066646158
246.60856860461666,246.64186475623592,246.77861707882826
246.60607590307907,246.62000258059714,246.97052728430398
246.54448404280262,246.56017434841283,246.6209668650206
246.7405943144789,246.773106626853,246.82426207968396
246.66962250934054,246.67886963493746,246.72542249307173
246.8412331682858,246.90180065293094,247.01861039504297
246.8340116689359,246.67024383041834,246.90949622454502
246.8235296206499,246.77797292729684,247.12213531516304
246.88780693252642,246.67124127601645,247.03564249606708
246.9216969070806,246.8563657499865,247.04814830677654
246.85241511904917,246.79975006429515,246.9819509840338
247.0869474003186,247.17516786096743,247.26338893744747
247.20328511096824,247.08996231455777,247.22245626670966
247.07997167039554,247.04170047947838,247.24149712070061
246.99836321662815,246.96460195345708,247.08757835642277
247.02330507020454,247.0054639718863,247.14581581449735
247.11110029308566,246.86076497729772,247.1702273085357
247.36122245848276,247.23944358751115,247.404425531683
247.33920976855563,247.2818624578908,247.46308612921433
247.3817737719137,247.35612203059395,247.50227196164272
247.37575802474106,247.34702543585533,247.40968571627664
247.39233116813725,247.31703172173283,247.3830256562769
247.3599763408172,247.27825973205768,247.41452731926526
247.5531437984487,247.5790926033295,247.52593334475563
247.48105250120017,247.56189323633708,247.47141164002136
247.47831592689522,247.4859541137205,247.56114470933622
247.49483200516738,247.54120490826367,247.62280233081796
247.57580512671572,247.567306201577,247.57329098271848
247.59662072996724,247.45612887446796,247.5656098222775
247.6088624752669,247.6340989073663,247.75069866480533
247.5984592331323,247.62553949511013,247.59956884008588
247.7048550065775,247.69221046519831,247.65205498361166
247.67138350187173,247.73169589371724,247.67329429055465
247.64873266566215,247.65554212252795,247.617871396883
247.6438044072564,247.62012838007072,247.66709231993474
247.72530657228378,247.65537565972903,247.8269133121267
247.7866170170242,247.69167136863004,247.71810415029915
247.77625528009168,247.6789866688489,247.8078933356139
247.7524746604051,247.70919602261748,247.71208275763215
247.79334560261938,247.70078744118993,247.7486205939188
247.6868180126286,247.68487137902937,247.70608108959698
247.9747974443277,247.80572354104,247.85493457188244
247.8465480786223,247.77969445102948,247.8713158889514
247.80593798845857,247.8592283563681,247.81292480078673
247.8488407167039,247.84427788018985,247.88017701544896
247.90211242601123,247.8171647568178,247.89521904536946
247.82779650380184,247.8317053584511,247.81725884252114
247.93573650914323,247.88913079555232,247.9593368502107
247.91379316387477,247.76992308396208,247.82042972905643
247.95183815589908,247.9137070957247,247.95053221815047
247.98620771938366,247.8841761675581,247.8797196299634
247.92233358075444,247.86161876811795,247.9302914153483
247.8946493826148,247.90846312732901,247.94507424315208
248.01811356831064,247.96034528788715,248.0221783445944
247.85983105358426,247.96904485398642,248.01974097346715
248.01925427804724,247.95976397174542,248.01342125811252
247.96803278260128,247.91607705782317,247.98421720140257
247.94510516515052,247.96235177677198,247.9952086381842
247.92187353748017,247.90708205033735,247.99009270335114
247.94457952256093,247.9580348025835,247.95559395007666
247.92721031924734,247.99762669922538,248.03346906862714
248.01670484369626,247.98135754340345,248.035388473301
248.02023967705142,247.94003292817976,247.9548035059446
247.96844362318393,247.9691450373613,247.9543675280295
248.0462413918094,247.91881072774862,247.99375521457398
247.99905983007613,247.9892722857674,247.99025908365974
247.94297874196363,247.89021447462332,247.97405114945644
247.95182185578582,247.91512655601915,247.95523769735263
247.88631636443694,247.82757161370014,247.93833088919652
247.8971209679572,247.9044375210162,247.96598213830086
247.96056950119157,247.82783547560217,247.92554480127268
247.99275835959168,247.93447733739694,248.01068765486227
247.9128856823376,247.91763777619718,247.9953089998104
247.96219658271968,247.97413826957145,247.96290145761284
247.89060231285956,247.91401596840964,247.90534379817598
247.89547966880568,247.91293279832416,248.00885582961808
247.85554172256346,247.88190472924066,247.96127394352285
247.99942339350167,247.93347194020504,248.00683211551373
247.9152081050554,247.9278533577905,247.92029296807667
247.97044915379885,247.91340491605587,247.96297054978174
247.8702867178283,247.88952571636705,248.0040182494552
247.9784957934573,247.87526671673982,247.9594655225009
247.9095880025757,247.91193375754779,247.9838018094051
247.78502333139008,247.86008595829946,247.82356210797593
247.85798683436872,247.83219822625023,247.8423798300254
247.878057729668,247.87592265058413,247.91034880015718
247.98529325648957,247.89227638461287,248.00775120927287
247.7479795621138,247.87010979479248,247.9081747790265
247.87626375086182,247.84452649696064,247.9235085452319
247.7614882419935,247.7764090354708,247.85757008096826
247.7258773712861,247.70290494064804,247.8088915684489
247.82979926466402,247.7881940856835,247.82818880131686
247.38847556934567,247.3775479271461,247.53415128831327
247.52505218246975,247.45435766716895,247.56887489383368
247.44124247943182,247.48097808032978,247.52739334324673
247.43127124063324,247.36072128818404,247.54759684693784
247.44860156326646,247.40262398433646,247.52847265656996
247.31333708914272,247.4293700707366,247.50916350570984
247.44039522079018,247.48166397676317,247.51887408373736
247.4617800227781,247.48837104002274,247.46172293237484
247.37434190352633,247.4658240868509,247.56182028620574
247.308960432685,247.4194623142086,247.43955973007385
247.37782641748603,247.36885977050534,247.46868788059345
247.40225323574302,247.39330267613656,247.52267555708872
247.39336789686215,247.43976655128318,247.42821344736063
247.35577812510058,247.40701263288418,247.51819805973898
247.4794632795159,247.42950244651112,247.5346038108495
247.42565967264508,247.48132685700728,247.51757425873396
247.38875547642152,247.4364703436777,247.49405142180245
247.39490974667746,247.47471993806855,247.4700711728112
247.42897500765437,247.49528141925967,247.52225157172094
247.4583696844988,247.5385834618962,247.56609345368176
247.4509256028515,247.54542519276566,247.5064183915038
247.3030476692676,247.42460256316397,247.44543033863184
247.37477819561852,247.51229993775428,247.52097500014992
247.3563849336683,247.56063794537658,247.5062067004752
247.40846582433252,247.5026402678017,247.43997579497142
247.4038881994935,247.53899002993174,247.59434975963427
247.5150717399568,247.61534059600595,247.5472953999796
247.3482436176131,247.50594268463863,247.4978503537895
247.40817559688847,247.46953120941984,247.49335646074903
247.39333912995832,247.55628028161038,247.48501994512392
247.5166930675871,247.58851478150908,247.55514214033497
247.4863831701192,247.59226049309711,247.61991239722295
247.5539320041034,247.62083654591333,247.64951567822328
247.44591493231079,247.61200736919886,247.6997939652684
247.5396233629966,247.71250146522794,247.586644869568
247.54020548114008,247.7171184023915,247.64780668396676
247.58117946228273,247.75118240797028,247.80265957861235
247.52652993665558,247.62482538338804,247.65247956615408
247.54506434978128,247.69801169970526,247.72315997204467
247.72542278976462,248.00223133077654,247.91849201429758
247.84217221578524,248.01241763118836,248.07970978404245
247.53731333396883,247.77114013425273,247.7023225891963
247.80509187046343,248.05554811344192,248.0261350692762
247.2425822062819,247.33487086045557,247.33178893617554
247.57015369833113,247.64629830721512,247.7426822193124
247.27159273993786,247.3117114728141,247.30735625942614
247.13018461570522,247.177445630472,247.21781659921697
247.3844396941161,247.43921383361712,247.48297061592558
247.73411795921024,247.8825232407163,247.74328514387454
248.07329711435165,248.34593640982385,248.20124702758002
247.54751256618255,247.75566270271997,247.74070855076042
247.27346562140852,247.27881015058406,247.3770980042605
247.1950748315572,247.29169313714388,247.35900362922743
247.5016694920905,247.70325296617102,247.71645783353003
248.15015477865236,248.41854692205257,248.33784305588958
248.2523575689685,248.52026948784587,248.4917420943896
248.2251588943452,248.5511399157826,248.45505404449193
248.16550311430316,248.44327020995567,248.42854888745694
248.07620239728834,248.36569487244532,248.27164121527989
247.09039703967463,246.97450936522168,247.14260041709016
247.39029281761475,247.56922701984976,247.5713048923679
248.033282479036,248.34929591200188,248.34087467998668
248.1631378336653,248.35383798943988,248.38161128269985
248.18729170374266,248.478891442598,248.43454778768685
248.1240854975577,248.46244384807662,248.46721892411492
247.3042805905214,247.35684260909983,247.38926250701275
247.74972408370374,247.87496866111852,247.83465080977905
248.21785836202102,248.4214251583049,248.4550345841081
248.10562815813185,248.4290952220508,248.38069769491707
248.17960730209,248.4557573450988,248.37242452041698
248.31105491449696,248.60231174173717,248.550558299082
248.21274729649764,248.65357958314777,248.54851504473842
248.29680509150666,248.76492014472348,248.5610303796784
248.28902004886334,248.65072385137685,248.7205893068859
247.99745420494145,248.28264254749013,248.1864904092324
248.23224373733078,248.67141771961872,248.21585178655153
248.31902051152372,248.82378360311228,248.70425843829437
247.35037795376152,247.56961625158775,247.57714759944227
247.31803285028255,247.33888462883073,247.41230096413804
248.20097695861546,248.71454595840763,248.47157308271014
248.01213951482214,248.37919741306504,248.27257890173513
247.44329910897153,247.5563119803646,247.636986961672
247.4813524016235,247.49375578944318,247.61056071272756
248.38367048489636,248.7942097095689,248.73734415359306
248.3546426901774,248.6657995667842,248.60692537938934
247.5979375796121,247.72548240265115,247.81392022902494
247.5472961042307,247.64239167384542,247.67203514279547
247.9660855763818,248.2672546649316,248.33515442407122
248.3838813054954,248.9180793461885,248.789890652762
248.34174131941558,248.89203289083432,248.85662324850475
247.73883455517824,248.00073903299162,247.8991712946052
247.97359060384457,248.33165634221484,248.31358220313993
247.65422681458284,247.9352877634932,247.836228356813
247.4756164220428,247.61756610924618,247.59736423832507
247.14321867194394,247.335446296561,247.36453221708592
247.81821136142722,247.99778926802972,248.07748541715264
247.313351407659,247.3696731259046,247.4219620383832
247.5560375047273,247.64142763204887,247.7412862462253
248.445136579827,248.8138977434199,248.6505370976005
248.00415861083212,248.47916087396396,248.3894094608135
248.1941586506175,248.5378334105458,248.59051400613777
248.28379724719173,248.55383498076714,248.5442637934254
247.7829422469075,248.070080165444,247.76544897372275
248.29541117732856,248.74156926262927,248.64020932334606
248.3565594828004,248.68152745239374,248.58768888098928
248.28987035714994,248.61476032384687,248.58322527939893
248.3563916528653,248.47440000928768,248.55083618793125
248.0375231348525,248.4545025444141,248.36467150746313
247.61312034723363,247.53708455940307,247.65577947534953
248.22328709392008,248.62612045390586,248.45831303288676
248.17102595231995,248.42415543925406,248.34734761172595
248.14751054137196,248.50320047361782,248.35806071985795
248.21293962003455,248.32521028556536,248.3050811535521
247.94997391300677,248.11085341976082,248.27592323160087
248.00702098224411,248.247441924663,248.34638675479016
248.24345622255788,248.43399430610756,248.32190028516078
248.18530121350045,248.33557795789562,248.43474959291532
247.83871471686447,248.04351872484855,248.05132856560226
247.86644128870714,248.15104813794966,248.05395142632378
247.94583273392652,248.00231165202416,247.98394217893687
247.2841636429576,247.40527100941807,247.52529050384882
247.57646993000128,247.73122829323518,247.80134312251758
247.76020420773412,247.93785929656545,248.09637832055526
247.91168439034251,248.30684034344492,248.08576524045162
247.28127774289533,247.28327583837978,247.39340347496832
247.1778624764514,247.20907025288713,247.28953232936274
247.82561480805398,247.9960505503509,248.06061838485988
247.74890662273134,247.92053594111275,247.85487708845915
247.2137019773823,247.29931236268675,247.3253833248446
247.78189969727035,248.2298335728862,248.07396883792836
247.77385559163056,247.89744288974225,247.98258959220132
247.62935128592116,247.96035587986285,247.76409353265402
247.64532382575473,247.89458415425176,247.8351603311359
247.58888840286346,247.8088967067508,247.87488206576688
247.38759761971693,247.71378461019597,247.80732482977237
247.6362908217961,247.83449281459718,247.76594182168918
247.35051122822634,247.67630766395197,247.7706784729236
247.4945725437888,247.71107395618284,247.63982237469332
247.60251947480842,247.52795321451927,247.70787759703202
247.394215564882,247.59202198605962,247.59767644248453
247.4567524258665,247.50042024786876,247.46708790546364
247.47568219934072,247.50086322495602,247.6022202980071
247.2362635921843,247.36724167863986,247.24200391363757
247.2647554791311,247.38375887308277,247.31825242815162
247.2418434723808,247.25831308403914,247.32034229254435
247.32035296937443,247.415810367382,247.2337014170676
247.3039493312459,247.2719306590153,247.40630159920482
247.10480442658206,247.1787812102679,246.99764623647934
247.24246283805294,247.21795792023605,247.2548521341225
246.8868243932234,247.08486382830904,247.0842892029844
247.18469442994274,247.04900845521124,247.2505012781271
247.09275257577116,247.07676875465927,247.24088206736494
247.09387131513355,247.10993326458555,247.06531290062242
246.73767678479993,246.8257728970496,246.97120541525808
246.80597869160542,246.9038416983668,246.89200954911075
246.74604704875787,246.84848623632206,246.9006927769745
246.88036063887688,246.7975832471173,246.9022519868357
246.6903889302341,246.73668645982073,246.7446868716614
246.7148244300984,246.52127146441146,246.71480335562254
246.6849768298321,246.71956039976322,246.8799864948422
246.6384679259015,246.7223739908175,246.77873893638292
246.54728927976953,246.4514433025198,246.73095372750566
246.75087829097345,246.52996001194776,246.67505486745236
246.49756272932817,246.5980074997607,246.6894148621418
246.4641580699816,246.32909471060026,246.53114512225
246.7463651188769,246.74664339002376,246.82632554611607
246.6976757292855,246.5637179790241,246.71298721925717
246.66732275059948,246.65639243491194,246.78476526192375
246.56450210480213,246.32701328861876,246.73740098060614
246.59991402166258,246.41484734345084,246.72152358319175
246.50965993353074,246.32991605651932,246.76155269219055
246.71434341502953,246.68115487370002,246.64099317876662
246.47495710761373,246.3460246724625,246.6760496090976
246.43503459656867,246.61934401175407,246.61235822543563
246.68974428629613,246.48437085472418,246.69461475018375
246.66171610179686,246.51547680374975,246.57698675044594
246.5615012070638,246.4867320977939,246.6477488078518
246.63068959279312,246.37360984249418,246.80174296210043
246.53135873641946,246.53945368111832,246.74117086046792
246.6826835429517,246.53690128667753,246.66016767804393
246.51638134900702,246.411977054298,246.67535625995924
246.522739937389,246.3867744956407,246.69269806374916
246.6827647466063,246.55380322628946,246.8006102616827
246.7004533390369,246.52648065559683,246.69805826693195
246.86140824424498,246.6015557103567,246.9379275854108
246.74775189759094,246.84003437044973,246.73996129367941
246.7813481555126,246.7356729880814,246.81490419969964
246.7543022727621,246.72442778072465,246.85597514744248
246.88226242189555,246.68350094206767,246.87100209182876
246.6473157282986,246.64555787821442,246.68201418846087
246.70261158605186,246.69412996990872,246.78975708626643
246.76479041565034,246.7244860165619,246.7817752387096
246.59645000904877,246.58143108843157,246.86588385245
246.7369924355142,246.69268950950874,246.77466669959836
246.73169834892454,246.68639349809797,246.74706299127874
246.73161522752417,246.62941349312405,246.81745323126427
246.72006301197237,246.70326952510257,246.81984262647643
246.76574953265552,246.77314396793315,246.77159513320865
246.6838969437708,246.6278725192588,246.77609320983228
246.88573581767614,246.69655450049143,246.8519855989752
246.73486637688924,246.74991039635339,246.8038851777715
246.9341353270181,246.83908772915348,246.90582467492712
246.96030386103197,246.7612980136714,247.04993944397978
246.984749629008,246.9540507986154,247.1154508138264
246.9281979310349,246.82280330233783,247.03297208032947
246.97822587733492,246.7506556253149,246.96577296055438
246.92735750049258,246.82818302879002,246.92929149991204
247.28469848417495,247.16244501447622,247.2799313586568
247.19067922030047,247.0367480247555,247.0967902260602
247.16760314719932,247.0678117278832,247.2128333983302
247.14832964324447,247.10175738634862,247.1852514924435
247.17815397092932,246.8611351986347,247.19838870070927
247.19053520152812,247.05927972739974,247.01421972244157
247.4340866984346,247.20127106364723,247.39572966354774
247.37396245397377,247.3573808491382,247.37509277606983
247.4722151902368,247.32141445939084,247.4544613660146
247.45324100658019,247.39674890625164,247.38642049746144
247.37314750560384,247.20866719760448,247.43593734553764
247.44146019270812,247.30588020790194,247.36378324737268
247.65236963197225,247.63759766322244,247.57936884927756
247.58748717780273,247.46337169281475,247.53487321735878
247.52402705435173,247.5262552200639,247.56066223210874
247.599026200726,247.58861247740464,247.5116101924518
247.54603226917067,247.60378014177732,247.6186010519588
247.46706912878705,247.50094289179083,247.47713676570731
247.6656951354105,247.65529532383687,247.63402283118688
247.63202606430013,247.6303442694833,247.58060738544495
247.6450129436169,247.71678415366557,247.71798866964076
247.66174424837556,247.65286753967447,247.6919860246161
247.66528205740175,247.64665322667042,247.6484897093897
247.7362379824653,247.6621222795243,247.60817914230967
247.74069199090158,247.7161207223731,247.78320055290968
247.80807977440332,247.7301974206652,247.72079457476966
247.75611525728687,247.76474218958376,247.71352274000807
247.721939105161,247.70665580432353,247.7293881628514
247.74621053227668,247.75955968157112,247.67454746522426
247.7774607021504,247.73149092130444,247.72752593382444
247.8911262790256,247.90959585945478,247.92625295310043
247.81526546422626,247.86466111034835,247.90942545791847
247.87536360962838,247.82912650250842,247.8307825600382
247.85441654282582,247.84189162926052,247.9036298977932
247.8352871920051,247.86641840437457,247.89824961843775
247.89679366432932,247.82856446712717,247.87325669592718
247.96081040214406,247.93578839964093,247.92715590954478
247.83364375145143,247.86752033876832,247.8803645902438
247.9377639125529,247.9539039251861,247.85491821089676
247.96897960891988,247.9164265274955,247.96227823651978
247.97684804609855,247.91712449831985,247.91254168894747
247.84658882071315,247.8817974191038,247.89231751443083
247.97135826480553,247.9038691301248,248.05092062068837
248.0057435606552,247.81061273769137,247.99841372481663
247.96793649212637,247.97026137381826,247.98366321622862
247.9338346683867,247.79051950658283,247.9178709660574
247.95322521629768,247.8070774199574,248.02024150547393
248.051971719867,247.9210310680963,248.01364797308477
247.96492676342572,247.8069180718345,247.98290960753639
248.01039490504573,248.02563973716835,247.91589761620648
247.917975606651,247.99278920155118,248.00293887204654
247.95853994504398,248.00087912777428,247.9938846416256
247.9693286798944,247.92424191390373,247.95592016679217
247.98763642095295,247.77985363256346,247.98838127219565
248.0227127063031,248.01466917169267,247.9872726434623
247.90097955434874,247.9545078376757,247.99338762305226
247.94976103838866,247.8716478976672,247.94760808725093
247.8907689827287,247.9082610655988,247.86778229929618
247.88018286804842,247.91355306285814,247.92512157879167
247.93813019274896,247.89869961907652,247.90919963748206
247.95969894454015,247.94653698522657,247.96544456769757
247.9770201093939,247.9404930559649,248.0079125082751
247.85604757249078,247.9557740243992,247.98179558806032
247.90966619875104,247.8986373038042,247.97312932089756
247.96175384258862,247.96915667757156,247.94398916384668
247.99127514958002,247.92228872727787,247.91569683042533
247.98094740886776,247.9807224177243,247.94122201124432
247.99270576817486,247.96526932983056,247.94723981571568
247.9521040845147,247.95438829057193,247.93001034274766
247.93694017062643,247.93003953104068,247.9934881361977
247.87579389628166,247.94017513720627,247.93576253552982
248.0013082331638,247.95737769818234,247.9779112708859
247.83763279304145,247.8828876049822,247.91657354642734
247.84856274609973,247.8892107379965,247.98986488445
247.87399168331888,247.88677198850422,247.88260189987886
247.96904221506642,247.92873407620513,247.95938801854388
247.77342666423647,247.86962155507794,247.95298370921213
247.82689803572507,247.90268926927436,247.9225071762844
247.7449856425022,247.81688576213972,247.87275582607936
247.67123095222397,247.80688831043025,247.81739250899903
247.80347259633942,247.77543251062792,247.83367370029157
247.44277780906077,247.45760045599368,247.52717983529325
247.44263671872363,247.47812436262456,247.5533728435219
247.4329848298558,247.499121816289,247.53408352540987
247.44025818635666,247.40607469770126,247.53501910647344
247.52157296147652,247.4963506443004,247.4530347336958
247.487194468813,247.45613796817844,247.46722823310617
247.49049541180645,247.49040306678774,247.4367979343431
247.44768007869988,247.4395019936796,247.46218170219052
247.46995027429742,247.47786511550535,247.54607256306792
247.31437762096516,247.43011580151295,247.43154999742458
247.4323835087495,247.41502049329785,247.4559832176216
247.47807345684535,247.42625703808648,247.49862336513397
247.4792236569989,247.4352382524256,247.4786563399877
247.48136675307885,247.43635590072455,247.53464126242588
247.40775986468893,247.46414175189176,247.4613317726763
247.4482720952044,247.4679485687701,247.49010539404713
247.37144257865822,247.4556800235842,247.4354633977011
247.4262185679753,247.48485913468664,247.46913964263544
247.4337795002492,247.5193339306299,247.50037206764858
247.48299214228953,247.5112399503398,247.53883464267292
247.44613233510074,247.53035436907436,247.54619590479285
247.3501396780814,247.42853493026752,247.5092423343717
247.35997228359537,247.50207405660328,247.49337233263074
247.40854413833492,247.54388285139413,247.4814825472437
247.3449239008036,247.49547276395708,247.48873034581612
247.43353241664434,247.53570541067205,247.54977348046071
247.4904436787006,247.60172200511863,247.6213457587036
247.44470158582195,247.54153811157204,247.5381002664442
247.4425339903562,247.4692635905276,247.51478531650275
247.38284105229806,247.59896325400751,247.50228391235603
247.4986009247151,247.62231569688825,247.61782475995372
247.4525390400155,247.67734407392933,247.6721328282274
247.54579559045536,247.6434816156123,247.62798217484746
247.47633291048098,247.61277438564323,247.66044333950342
247.5604895606995,247.6626035928855,247.71123427364583
247.55547162550346,247.7018824691383,247.66439374012907
247.58329831868545,247.79219752883378,247.69209407368072
247.55631978017155,247.6060250686403,247.58108105536158
247.5120750975564,247.56318419054267,247.6568056382054
247.75967820946445,248.00051604426199,247.91430933212786
247.89374858673642,248.04007062679224,248.12187176314083
247.61674702110443,247.75865819872197,247.7039387513252
247.88955977150107,248.0471070092556,248.01226319245006
247.28086249002686,247.3365615740846,247.30275008736888
247.55936462282813,247.6982199334576,247.69300337604
247.26333075450054,247.2147747658644,247.17751661752965
247.1961674015893,247.19306651297939,247.28414320590306
247.48154658857652,247.45175751438364,247.41315724263254
247.7449461643781,247.68918022205384,247.7339389409986
248.0459756763483,248.3158393208925,248.30558621414895
247.62719999775962,247.76323709737653,247.55438746214304
247.28950583158235,247.18839251335103,247.18215240738854
247.3313712134647,247.32731508668954,247.35623184324874
247.55300636777613,247.48158081365224,247.7565311695793
248.07700851332166,248.44731194827116,248.3911280201515
248.2108944158843,248.6408823252659,248.42374483824335
248.29373828892844,248.5003079296087,248.37788055505567
248.15939349251747,248.42833193206232,248.42931161520505
247.98737855556172,248.16837979048248,248.2685512865292
247.06371594698192,247.0390161987006,247.10469475830473
247.49450978899463,247.6188154346863,247.66296518114868
247.9824580771097,248.4366586320816,248.18609631716237
248.08058026582125,248.41570458007985,248.22669215953934
248.15666568504898,248.44668756008292,248.44841259417274
248.16210809297465,248.4132979579062,248.4289514493982
247.31036532945703,247.38843512689306,247.3730347975768
247.7648351320783,247.93283112363147,247.84007679765998
248.3343503513419,248.44840053858343,248.48472549817177
248.06542522370717,248.52927212013302,248.39373810252889
248.08835210381125,248.43697974017383,248.41385714146622
248.25722752084144,248.53525310695196,248.62360353926775
248.23003880617884,248.55632268212517,248.60252760231427
248.3401658545262,248.6496974605717,248.6531786331499
248.3666982336186,248.70824773336665,248.59726829831678
248.03076899303164,248.318456293669,248.2660886696667
248.30795204937777,248.62060235884778,248.50813447887347
248.4327425391172,248.78920270802132,248.66663220560577
247.31847255081064,247.52214494935882,247.51160456104662
247.19020808773251,247.38507443484124,247.4494363241837
248.35891574608323,248.72678231776626,248.60622045436867
248.05240050059632,248.34651921869698,248.33131834548382
247.5367505266399,247.6846759179994,247.6679913879349
247.46844310985156,247.589455086107,247.6345456596977
248.5171749887056,248.88724025790216,248.7061353605557
248.39045768987685,248.74035537724797,248.60647354459306
247.59795791435494,247.74712538833106,247.72593592865468
247.51043619684395,247.65922921493424,247.61924214767103
248.05532993637567,248.3747084629475,248.37389576011768
248.4189543543858,248.9056418504604,248.79033266155918
248.48216919751297,248.99610344850294,248.70049058875497
247.77537861382064,248.0373009482334,247.98180849899194
248.11960605677368,248.42571893344714,248.4118178729151
247.61513699459414,247.86834513643862,247.84676294723286
247.44864894616722,247.64515047631866,247.52418168488472
247.15105300474497,247.36272521433787,247.3212684553163
247.87323539357297,247.98894486691663,248.0317836516382
247.1666119959706,247.37688296576607,247.3323576448713
247.4813187876748,247.72720222348275,247.68419367609422
248.33318322580783,248.86633473012054,248.5931727989372
248.17795352295212,248.56701848027163,248.37748397270948
248.29485781485783,248.70968782651016,248.61142853368287
248.27493575307,248.6433688861666,248.7001503417482
247.73831858248326,247.9967508774573,247.8422270275582
248.26520378672487,248.72382551816355,248.58376441292086
248.2321284688296,248.70820336113232,248.51645947070932
248.24660426267897,248.73349314351992,248.67836228156844
248.32069808652068,248.68761923302904,248.57948685559543
248.08093963066685,248.47178902785308,248.37951991718236
247.63360589372513,247.83531678251444,247.74466888824531
248.3192652795126,248.656593559538,248.52644788676176
248.1023823061651,248.52930364645874,248.51401492852415
248.0839093004959,248.5148939795242,248.4121371729252
248.20597007519166,248.33697607637748,248.39260040415863
247.89639598508788,248.4349602581252,248.2332234655772
248.06827266198317,248.27055975384874,248.26822447736345
248.20213169645305,248.4616022699673,248.44603569218359
248.13601295228258,248.4373836352802,248.4701252220282
247.9317253533428,248.0753806005074,248.09448688567562
247.93928761785045,248.1010931310539,248.12260290251785
247.95040077295988,248.1707066145186,248.1557312181479
247.28280310643302,247.29774080331492,247.32244658926595
247.6628330271916,247.8124651747974,247.79268858204787
247.81181118289885,248.15071117181196,248.0699160127895
247.9429653497868,248.3136888457898,248.17531138582925
247.28628192765598,247.36382217777393,247.52557506266453
247.1554878426145,247.21760596499388,247.23413608759614
247.85538119858725,248.00978189764493,247.9942658650093
247.62527433954259,247.90320009402558,247.84487835379122
247.3125522765367,247.3676986012238,247.3823190100845
248.06395436234925,248.22125762815108,248.25648608096398
247.706328871771,247.91300395806576,247.93429725537285
247.83001525381613,248.0334966938591,247.91261583870508
247.65088581979938,247.92861237674316,247.89931138836732
247.58893570136064,247.8690149882688,247.7678060410692
247.64104227885227,247.7735856277198,247.7816093031068
247.51472453640824,247.83437455198617,247.79505389578395
247.3703274189207,247.71043166333789,247.69828171149626
247.38370778812026,247.68055811899217,247.70400804489213
247.46185407734697,247.63177205917205,247.6153172375291
247.38161873389302,247.60956952261722,247.59745594061377
247.4381808781401,247.53073229539365,247.5256746927118
247.36884517918577,247.53894404660298,247.6069656341103
247.33463951036356,247.39227901090123,247.25336115462503
247.3042441161309,247.387132444853,247.32692929479097
247.30512921813298,247.39224215108587,247.44039395036464
247.172327537143,247.4014210753785,247.3577005468476
247.20260271542773,247.4280556078491,247.46338180834542
247.03782524438344,247.159676161403,247.2792075428372
247.15789699127473,247.24144984906712,247.27483124145408
247.08809874041359,247.12422379997588,247.19875371423282
247.10686163229414,247.24363744551,247.3183203800088
247.12041275764884,247.08717869922341,247.06850192794377
247.0579705701736,247.12606825162135,247.21271092528764
246.82053001884913,246.8459933095851,246.90162756377993
246.77142262465497,246.85011063301562,246.99529686465644
246.7223067792152,246.794225843876,246.9632418350143
246.8694091456846,246.8395203147673,246.78682160101638
246.6969047658091,246.64836092907518,246.82407494323212
246.68783734657984,246.67539708382824,246.73199236294022
246.71863436867818,246.5695840024162,246.79578465808598
246.67644406347816,246.42110384053686,246.80849824870367
246.53979825089323,246.52953525758267,246.76903221626284
246.62555488142385,246.58345280304235,246.80106872372147
246.6947423429853,246.34319012380428,246.7842724371862
246.54190526178522,246.28237426908115,246.61711653375292
246.89614511767576,246.80167802294665,246.94235547077514
246.62532915811514,246.49793650249418,246.76914717519463
246.75111904630742,246.6389517002052,246.8462159217869
246.7088366550611,246.55320917999282,246.74583751845495
246.54343204686592,246.54495390819605,246.58561197021768
246.64229594563622,246.5953677813115,246.82675045252813
246.55646262203064,246.70864435308673,246.694833228109
246.56415713632043,246.64298590944514,246.7145778762527
246.59938007332195,246.62213639704308,246.7185593293881
246.59496873124834,246.6098121132701,246.6831615798765
246.50501243250227,246.49993541595265,246.67069691430353
246.68350661334708,246.5523394626857,246.6230899472041
246.4200858099088,246.63984175701694,246.79097500743993
246.3668630469306,246.5696578784626,246.58511249524125
246.56214435672317,246.624792883774,246.559081295418
246.42755348128563,246.5432877840005,246.73631275861968
246.50678867321952,246.50771607517723,246.49555768829225
246.5724531551779,246.66397157728608,246.6663272254546
246.83077847109055,246.71052067315844,246.79141078372308
246.6590739206845,246.81651188165057,246.95662457574394
246.6781345608105,246.7623859001254,246.7326250503091
246.77589458051182,246.76995926699192,246.81658140536075
246.78343741264143,246.7616559125865,246.6214353679541
246.85613619965966,246.78339870665633,246.68964064493622
246.63656898749957,246.6807386117352,246.61208482139824
246.61984501635078,246.69467687087598,246.746334448036
246.69984021775832,246.6924155462348,246.81288659816045
246.72819168908825,246.684649459487,246.61924740832595
246.64753109026188,246.71788499780095,246.81997648407597
246.6248874785944,246.73313853507105,246.74062660810193
246.73919582949418,246.6914566609983,246.8638487738693
246.72741822143786,246.7046252555299,246.76378079986137
246.77621840444837,246.74955656661845,246.93032976561474
246.69860945969276,246.65269886287658,246.690230499973
246.79788276348086,246.82749635801977,246.84989286548358
246.77724852833364,246.67095377857882,246.77642224806803
246.88641493907988,246.7328048688004,247.08273016661187
246.9555302690331,246.88614749214943,247.01987595062636
246.8426014983112,246.92556543833112,247.1009895884884
246.9486665848175,246.7934559425201,246.98272238581248
246.94735009481,246.85728862124287,246.9161545545204
246.9377238433638,246.82185932012166,246.90088788358645
247.23594958803014,247.0553766041809,247.24602235205958
247.13945518455336,247.01527486150337,247.18613809563513
247.22405108914134,247.12996708729457,247.15364921700746
247.1979597259507,247.10277572517023,247.1014117920204
247.16411736345307,247.0173093342769,247.1299783706419
246.99269552602038,246.93681390767287,247.19996385602795
247.34786618354113,247.32698327525193,247.43952240807468
247.33186962028364,247.36294001144677,247.4327558627733
247.3967103131171,247.27735930296652,247.40286970286368
247.40167004525412,247.27699437320103,247.44027569916358
247.38933411189763,247.27574798076952,247.37314488339683
247.39739438219922,247.30497382821667,247.41673098845578
247.5187265382217,247.56127780887635,247.6796478314975
247.6250209776748,247.4055633502758,247.4114353777468
247.34162496654199,247.51728511029958,247.62754879615684
247.462753119871,247.46071372854166,247.61856527007174
247.50971318352737,247.46884535578258,247.46908616514656
247.60015297487084,247.402646165655,247.60019263198797
247.72311884454453,247.67010573749076,247.54160439900835
247.36727139920632,247.6831980883738,247.65101277412455
247.40115895167023,247.60754004391342,247.4963821509153
247.67671134445388,247.6222892942361,247.64756713438155
247.6957370738876,247.57083745952366,247.51679531532758
247.7182639563631,247.50030449575715,247.63354393421864
247.52653529691608,247.74209698352652,247.69959267684789
247.72717622283332,247.7051209968435,247.8132430693336
247.79202431071104,247.77935585948234,247.82078467828592
247.72257983065504,247.71081350637343,247.66874539982774
247.7648413439699,247.7540384397918,247.74974559114025
247.68804619300366,247.62660443983793,247.62122805584698
247.92692721255327,247.90612281807503,247.98811320626635
247.88341206941612,247.85349874564,247.89558494423017
247.85886524964445,247.86376134249196,247.8291508680996
247.77449407187166,247.76732779179792,247.72841807732976
247.8350520844907,247.82164798550548,247.7596549410347
247.8668792282237,247.82795366666758,247.78057955912197
247.97779276767423,247.92000957649736,247.975733152927
247.8691005049508,247.86536874179237,247.83298890377972
247.96401137093636,247.9043354679481,247.98385895840838
247.9221415921021,247.93114687574015,247.9725385249716
247.98808583172942,247.9466702887327,247.8233109785814
247.88606279821371,247.85846261712092,247.95424100370394
247.97153290284382,247.9603709770471,247.70635990832488
247.94365977336935,248.0043567637539,247.87976325700288
248.01856643498476,247.9022306332582,247.8529313624729
247.88416841704446,247.95137631063812,247.99310036798815
247.9930346367357,247.97249440467428,247.9547336890808
247.98771791033863,248.03329828061405,247.93606145086815
247.88345012732435,247.9321061099816,248.0027114472063
247.9418814726614,247.8817631406754,247.95113923430426
247.95668908389158,248.00874846872827,247.96900484994515
247.981533043086,247.99139764035544,247.95021744039295
247.90025750916487,247.8940890201145,247.90355494606035
247.9929989017519,247.9019324525304,247.9468968757617
247.91215412849957,247.95904764300178,247.99107631375497
247.96708330298756,247.89264036265828,247.96363222158567
247.93079409444826,247.95482720601112,247.89323844859607
247.95199621326333,247.8947974736719,247.89779081470468
247.85736470210492,247.93763933443174,247.94732152659415
247.91277258263875,247.9017383832285,247.93398096475335
247.94590773689077,247.9785382539667,247.966157995424
247.94586750613422,247.947009469921,248.03000320702935
247.94162539393176,247.94102493524693,248.00476072354138
247.88218134189012,247.9065564838382,247.92084625286088
247.9290353485436,247.9535784883608,247.9648520962064
247.9130800895483,247.88699698892495,247.95716480023495
247.93823874004434,247.94356969686837,247.95800166738277
247.9777310370047,247.95927923907618,247.98775482649611
247.93788864256857,247.9368748193611,247.92433499784647
247.9728235074425,247.93924601104695,247.9986463714202
247.91969110208163,247.92822838681042,247.98225863940735
247.96737965893544,247.9387729194533,247.90864599785718
247.91090543728131,247.83085562335577,247.92943020050126
247.9049540271943,247.852733133763,247.90007546146484
247.83951362235518,247.78214353562362,247.92046771339804
247.90765161548177,247.90832405483806,247.9178588207452
247.84443525543924,247.845366607044,247.90703358435894
247.91131831245633,247.88485001271894,247.92739634150857
247.7504015650104,247.79785426768694,247.84454380133587
247.7424860295468,247.78017391264999,247.83324500715145
247.75483914289023,247.79689608650523,247.8043538756506
247.47092927640813,247.43832323087423,247.4939167563278
247.4660647851975,247.522132915741,247.57372664398162
247.4993554417842,247.43869359575888,247.59782595050316
247.49207188288267,247.45499474123298,247.54155059992203
247.4925848731631,247.4106190110431,247.56749709268547
247.49507490794642,247.4990257600126,247.47946366893473
247.48022984940258,247.47368346378295,247.46786112759085
247.49624188867205,247.47124404509398,247.54541769493102
247.48616764256084,247.47290966374038,247.46590111703875
247.42259779233711,247.35132531383127,247.43507616256687
247.4385581304724,247.34295376173625,247.40728028722896
247.4110340991425,247.35809183421426,247.46641675171549
247.39781151488316,247.42382857089405,247.512631072321
247.45032045818576,247.47555661489338,247.483125015573
247.45306310863762,247.51607595960542,247.44624959074673
247.48652807257125,247.46607405614554,247.51487492548569
247.4250553012458,247.45448862426178,247.46874704438548
247.40648699770637,247.43973354568138,247.45487716536226
247.422366605674,247.37057837788916,247.53419651945558
247.48920683275895,247.47804007798499,247.52720692457416
247.41875028276448,247.50482018450288,247.57920263219142
247.30900194289032,247.42295912743768,247.41821877537294
247.41935640059512,247.46946833743294,247.50230711878766
247.37489812323642,247.49277924353012,247.43954973686417
247.33920605531972,247.53623311550152,247.53791972523683
247.45261503247116,247.58058673436645,247.5805670796279
247.50680747583576,247.58309691260482,247.54927477341266
247.37362357196025,247.52950697581423,247.51031718227108
247.32575571815406,247.55731765094268,247.5395172435598
247.33612087058796,247.63102949121657,247.59265114674824
247.49258001740404,247.5853364799841,247.60050130016648
247.4448322903434,247.60385064536246,247.61426513186075
247.48606828818734,247.62226742572005,247.69806338277238
247.56126787107414,247.62354869001828,247.59015490494002
247.44115597130784,247.67350783826978,247.75073365835868
247.5895338825622,247.72045870115872,247.74258621850805
247.61961340080774,247.72752910499295,247.70316800624022
247.38679738052468,247.69542839236598,247.6000836224745
247.41270832097618,247.67716259027372,247.58715794971803
247.68012384808276,247.9179222931419,247.9839227881309
247.82005332078006,248.056309466686,248.055558699203
247.59877812736107,247.65213063172013,247.7903585836749
247.71516346178143,248.03664744804047,248.0709389147774
247.24563721186385,247.33644920968237,247.22746334196586
247.4968904731976,247.66430151226731,247.66878359820552
247.190637556214,247.24105407678024,247.3618164564925
247.1597958704654,247.1508080478535,247.16938449869696
247.43096362420684,247.52296529237572,247.49322555971315
247.63874221189698,247.76820617360093,247.84875435926267
248.04169016681274,248.0984793922784,248.11156584920826
247.58016847723582,247.7386710442391,247.7012555516677
247.2803107599274,247.09130011806073,247.2457360708311
247.30952704891175,247.36468019816786,247.20150733226663
247.44611519609148,247.6213183326186,247.62769282264614
248.21907756130375,248.20647536883143,248.42448328184147
248.2154965462932,248.58360928974244,248.44690999240106
248.2949187924038,248.46860955534197,248.51916404132695
248.24470212036525,248.53528778677335,248.49680486011417
247.89260740177477,248.2368215230876,248.45075492630534
247.03301959862134,247.10111856887758,247.0121205517196
247.347391854667,247.59189791578652,247.63182601652684
247.97440695347603,248.42660883477726,248.339975971776
248.07854028323288,248.33244771590748,248.27782858017625
248.1040525755999,248.5035052389685,248.45002285750516
248.29013694328432,248.4001423276122,248.34384033283553
247.32641540277902,247.27680663722134,247.50701743241518
247.66120946785688,247.89829357458026,247.8911699320907
248.31295176900787,248.5052138139502,248.3363181975572
248.06649503814535,248.28609304595227,248.29444435887552
248.16402342150718,248.48294731275038,248.4429072334343
248.31559152922785,248.56423990741732,248.50358609821572
248.2530161990483,248.56484574761052,248.6093449364769
248.21185151770658,248.74607138848305,248.58435198999567
248.07391404174584,248.6501272021437,248.7425499977647
247.88826068838185,248.24243789565668,248.44338566064403
248.22327118468314,248.67573413774662,248.59129195993765
248.382911024918,248.8160679987383,248.47353781615664
247.36955943826845,247.5737176647651,247.4453960162538
247.33624071125848,247.29862992424566,247.16511054624934
248.2617712429475,248.58753110222594,248.6169762558412
247.9749018396166,248.42541713630177,248.51099645407584
247.48436732864963,247.39359832348637,247.46523002226357
247.3961536604388,247.57675331716413,247.56734814698478
248.36610550043542,248.7346218091564,248.75717405094014
248.20146594355188,248.73199230546038,248.67587871959955
247.51748113978044,247.75903450106668,247.7758387466103
247.4519839047504,247.6737577933816,247.5071503693534
248.1323261059157,248.39224443560727,248.39139355618096
248.53957116550993,248.84555851889658,248.7393065147448
248.57587797633792,248.840687231737,248.89604050008052
247.51521995102436,247.98014485238963,248.0410283621801
248.0590830213246,248.50338198466034,248.25837738310275
247.56258061581724,247.84732016632205,247.9060696122481
247.34501506022696,247.57770246625518,247.53427995773194
247.20358353741182,247.37495376649952,247.3437757236484
247.71049983867383,247.98739778174502,247.94980825600325
247.32353805266143,247.32720613072195,247.41920144283264
247.51603143329936,247.74289425780026,247.72517750766806
248.38043317725553,248.79311473103667,248.67954515101968
248.18193621261847,248.53903162716446,248.54265564190564
248.13896137467637,248.69669671214913,248.53807016152888
248.30767086339404,248.60981937986512,248.60602104304834
247.73081469752003,247.9328295788448,247.91180906856926
248.39440437507488,248.6803332731674,248.69568941852256
248.3065375150328,248.65010192506892,248.6091190823644
248.2536261465704,248.6737222251449,248.59669443320598
248.28812577270958,248.72091716906243,248.6568947838734
248.09081493234513,248.43363951535568,248.47332689771784
247.58705503814508,247.7853330862603,247.7619041435399
248.18361837998273,248.58570686747714,248.47616148435276
248.20655797917397,248.54235837222146,248.50388263897034
248.2068551716594,248.431222721218,248.4132708829796
248.0654754129105,248.40274324338242,248.3375280219452
248.0500050360013,248.40761998017854,248.25217673592203
247.96922402333095,248.40652576561084,248.37381630748476
248.19132393723888,248.47516629238376,248.44275993076667
248.18259795794705,248.51058107808058,248.42844074106603
247.9889882589544,248.1007763689469,248.0840801329009
247.8574648890529,248.22329996129466,248.1298681854085
247.96941481265011,248.21269196231566,248.13282417214091
247.35943073391243,247.43368226080676,247.46060661367017
247.57984922108483,247.7537000720552,247.7728482722437
247.86453527272553,247.99452136688123,247.990370577052
247.764810135124,248.28967946733636,248.19646689187846
247.37439673902804,247.4521632144437,247.48314634883846
247.22950565906274,247.22172524413668,247.24206434899838
247.84273522741358,248.05591393759906,248.02938890437184
247.70061176342858,247.88682151587142,247.88434776700765
247.15812427426062,247.48889460093983,247.34479630102487
248.1091187240682,248.1905719334428,248.22924437986492
247.44941136790283,247.87816362252545,247.90579129417316
247.64227837119228,248.06925762011306,248.02550263388943
247.27463016499857,247.88215715232639,247.881261511338
247.37199432567246,247.86325243057928,247.80488091561645
247.75001956017078,247.77606906751384,247.76455086890957
247.14720586129874,247.87180081673063,247.86657396188812
247.33298919012896,247.6753139212609,247.7865863234729
247.28638136228963,247.67445965840218,247.71549495541544
247.39793119173655,247.67162491817535,247.55862621949123
247.45324638943882,247.71755712723623,247.68351361199387
247.0202359907285,247.5696210319438,247.58874834946454
247.14896579159196,247.43294811095853,247.50330964894223
247.1601390499072,247.25734397456804,247.34534196804535
247.1389847592574,247.38519033115253,247.47447909336435
247.30453191067633,247.28619797836382,247.3135086328416
247.30733912460312,247.41813602369032,247.4984691756378
247.1886417700949,247.38602823233992,247.4205121935432
247.14413433053113,247.18454028778297,247.32495509216236
247.27305855837045,247.23380839142635,247.4347606987744
246.94135214290662,247.080470813081,247.12725783736298
247.06114468527625,247.16343388065704,247.21884726137625
246.9503595194793,246.9982994940211,247.07332713065242
247.21881070546786,247.09479281329158,247.12881933341217
246.89033887431822,246.8470797690966,246.9431904269134
246.7780940163597,246.83093851782044,246.90985663845157
246.99797477394225,246.92201747423172,246.90108656129092
246.95291820134776,246.7331512889893,246.93234984324107
246.7633101189619,246.6431825661841,246.917014013308
246.75931464178603,246.61403000860636,246.44865266327488
246.7624477184721,246.69841948337879,246.8469152036854
246.45360031566142,246.5794428470271,246.77355773488284
246.68384364990013,246.57503891896923,246.70033568854345
246.72183678043837,246.60296159488172,246.77729641011518
246.68528544739718,246.62280458629067,246.70714269458847
246.39177545139611,246.48037314802863,246.6535485211498
246.64841444895697,246.77129717038366,246.8885654682909
246.54347094327554,246.56585766150633,246.78982858562136
246.6077972283218,246.64699438356504,246.91359355380965
246.59944989702245,246.61501568460037,246.76127672349293
246.45406906296108,246.5367107367484,246.67748645769078
246.5915769299576,246.59476530262071,246.80414547544407
246.5818976407154,246.71508893524575,246.67733501211515
246.5746638100208,246.5054052238109,246.72371306075053
246.5227305446256,246.56334458695252,246.7710059674565
246.58964593873185,246.5623973534653,246.7215938152425
246.5778373061718,246.55426289220142,246.71509742117811
246.58883885331247,246.6390469351244,246.74367070738325
246.48479224527276,246.56670609307827,246.7668588452205
246.43819462077468,246.5413117800414,246.73145475580162
246.5576559261358,246.4860931217709,246.73958989209518
246.46826838790074,246.53508870862095,246.7498294276844
246.40975550378866,246.4538125855824,246.58811064799835
246.71918314322235,246.69056337471662,246.78600324106256
246.82623722809748,246.64746399244154,246.83258557731855
246.89694633602372,246.74767917588116,246.91813886004635
246.81108733677408,246.60612521630426,246.8227780099424
246.87115752836428,246.77620314280375,246.9049300036287
246.46350766084174,246.7251729698177,246.81692037434
246.59212121766865,246.7698468579487,246.77427986573582
246.75344095111208,246.63876780200053,246.84296126803403
246.79004887247933,246.6768817121918,246.90842935930928
246.5350484014967,246.62413477553488,246.80680304969707
246.61654148274505,246.5780665624134,246.83364578981593
246.43412304585627,246.64835160339868,246.75152182318323
246.77077284700414,246.67981875071297,246.6904670015985
246.69115020570578,246.70939415519433,246.865388215654
246.6831076973292,246.59998461615083,246.79109635513828
246.81733600781513,246.6817766421433,246.82857445608244
246.5032480665018,246.49132662269994,246.7023439501031
246.9333730720863,246.76253076956942,246.9330583373153
246.8859385926676,246.73658662003828,246.9082442567512
246.87187620801174,246.8841712412918,247.04398179595853
246.76945025704956,246.8676012437038,247.06998107280918
247.04350938076902,246.89647302864222,247.02601111305526
246.85920745471427,246.8180070851531,246.96131809059275
246.76628088399139,246.87969364828606,247.00088395893076
246.9650003127605,246.83104994364845,246.89393429815527
247.27010920684472,247.08173226197505,247.21794854133162
247.17761701753167,247.05956756568162,247.26542714558883
247.10312406954756,247.07197643393522,247.185841161143
247.01711692796934,247.04743406337062,247.10917136148902
247.1732749400741,247.0520033839665,247.06521531933973
246.9924721533094,247.08087934630382,247.0329184833066
247.44391467516874,247.33747107200114,247.43092271684512
247.37857339421805,247.3557911841076,247.4074697591222
247.46545852731754,247.36197507990536,247.49586278722632
247.34007325298387,247.3307219737316,247.45710772898644
247.30781371671344,247.26334256869458,247.34633958359976
247.49317140137447,247.37554840978592,247.44475014717042
247.5329269074316,247.62582360700637,247.5155996460001
247.5722094319467,247.4372245691041,247.58653738956207
247.5443648993695,247.39616332021188,247.48354080542214
247.58297820021508,247.47100677555125,247.5741188569476
247.65903381797213,247.52106647995137,247.52741379606957
247.586070626121,247.37612649263835,247.63217788327358
247.63902318223023,247.62853203466773,247.66175173368129
247.65486577792672,247.63216629819118,247.68800533143235
247.67850824346422,247.68654915771472,247.74039441558674
247.71632260432284,247.62127143124619,247.69669433916857
247.7271152882415,247.72858681792192,247.6915471054765
247.6581096764247,247.69525679777388,247.607152572382
247.81745589345826,247.68165859003423,247.7841949367624
247.7859286367786,247.6879999622372,247.79709535813961
247.7754672064055,247.68092915826708,247.81797604304916
247.7312628867218,247.63293684110548,247.75898028506097
247.71422206569105,247.80727047325675,247.81161894144202
247.74728279857874,247.72783203556256,247.74401377268882
247.8726950579305,247.85636407356878,247.94548911781055
247.8921028568022,247.83723142327125,247.89020549034532
247.82893564500463,247.81105937585153,247.82287832177036
247.90033404922204,247.82412361617872,247.8950136995378
247.87217474427396,247.86154806520392,247.88597244137347
247.8038642430877,247.8415645830532,247.8686392223591
247.93679012271096,247.91088808207772,247.9592681379512
247.87742056593729,247.84235115419554,247.88643257407256
248.03134665396342,247.91772246472067,247.96393407623714
247.95704492492496,247.90930194126955,247.943842858165
247.92986799467664,247.90392381968724,247.98508494405775
247.9486134245225,247.90005311637339,247.8799034656633
247.978370523376,248.00395293341464,248.02919371467624
248.05232659370873,247.97898256034972,248.0274210567844
247.9985139141098,247.95547942330253,248.01056033629362
247.92094365384446,247.9574291255281,247.96498331714406
247.9776591414277,247.9519966210184,248.03684708860948
247.94870422694225,247.98552017897188,248.03703714473116
247.9906960400538,247.94517481447392,248.0119738406966
248.0285051056536,247.99070804695359,248.01175888260173
248.02405441813391,247.99190889360005,247.9909565867379
247.98184085702792,247.9539108205717,248.00917277510464
247.9537009906245,247.9220266360609,247.93979910676953
248.00277246743627,247.95441537255692,247.99125803147894
247.99773539939565,247.9833865782501,248.00156448577897
247.89784931031994,247.95976873004898,247.9963752706917
247.94512927106632,247.92172744628527,247.99369855751033
247.86896187712784,247.89971893848926,247.92366590989624
247.85771397419057,247.90071524668704,247.97082868876012
247.9492782083534,247.87123650095106,247.95819406127515
247.98223390823713,247.9485148478698,248.003964654899
247.95565368686178,247.91564696853735,248.01332203941166
247.9718595531964,247.9520876570441,248.00923222846575
247.86255920272185,247.925884146436,247.95389619590657
248.01738226650062,247.93435239124247,247.9879167648767
247.94059779648205,247.91338843347071,247.97139477769218
247.9951765715105,247.93713252884186,247.9623095777552
247.9585864636354,247.96379788833565,247.97757138768287
247.9099671484563,247.92978047864727,247.95999088230982
247.96415496071234,247.92245578932358,247.96523240465697
247.9246377910668,247.92093568523313,247.98435375571802
248.00023239417771,247.9467913789496,247.97931601292802
247.86600868698122,247.86095663527087,247.90768957813276
247.81433318138818,247.8941316732812,247.90726095707961
247.8767865198769,247.85368512601886,247.87067001280042
247.90379088048968,247.91754503644864,247.97474642210096
247.84950392351627,247.85446967477824,247.9323192955119
247.8996950001075,247.9108676871852,247.97033649548013
247.83019618422946,247.81564436533063,247.85501255645278
247.70846810271416,247.77548419169244,247.8394688687673
247.78967224269545,247.75925038834504,247.83630044104052
247.43885942645312,247.45878311780027,247.5143695679346
247.5512061545617,247.5079634196412,247.5698457529731
247.51427280339786,247.50431516649914,247.59608109639325
247.38493049782932,247.4271745218186,247.5101815416441
247.49514613884932,247.47175220953517,247.50630648465875
247.44189867183422,247.43617342860745,247.5171345999488
247.4820366348452,247.51129450774468,247.51395992279924
247.46631525398357,247.43066027442129,247.51270911010337
247.46390371128462,247.46148041317838,247.55429932146302
247.3798774558871,247.38863766054817,247.4694139548137
247.40214301892306,247.42787169581067,247.47036300292984
247.44206429321056,247.40146656013547,247.48245359880227
247.40547708964792,247.41622636294875,247.48486739651162
247.44873893219105,247.42351347545312,247.45525786280524
247.46902665749596,247.47721750351351,247.47442363408462
247.45675993368508,247.45734016842405,247.53040069477083
247.38344778217956,247.4542179542512,247.55393879889442
247.41756337503404,247.45460617424635,247.53641655084704
247.43958052132672,247.4854304674917,247.45580594227766
247.535749958866,247.46838396567674,247.60373380125992
247.46909198336715,247.5371386475998,247.53206185628093
247.3371077670003,247.46170420958455,247.49621802803998
247.40326993459564,247.49803918929595,247.51821190198237
247.42389921717444,247.4618025543806,247.58895070819588
247.28788131124483,247.4786884079324,247.53974972566417
247.48925650716043,247.55004928524593,247.62904931815896
247.49916795158282,247.5595281772277,247.63048974777385
247.272196581801,247.53273133165894,247.58647727191263
247.4789536897661,247.5705267856366,247.59138931801047
247.51531575417772,247.5548789510337,247.62619225010627
247.4414635420936,247.5980495255627,247.69365251221893
247.52124321815816,247.639744462475,247.655151892969
247.57378701541168,247.673737016301,247.70682772665822
247.49465400831787,247.54464836059648,247.691030552723
247.5302484156068,247.67790613445817,247.7497345387247
247.49778016239466,247.7597214704395,247.7460360701816
247.57800403030606,247.7148990328258,247.7323060438631
247.46499240328689,247.63213274089296,247.6890773285653
247.5349113028855,247.66144993518014,247.68698166360338
247.78028052698153,247.90897898602407,247.96567769772196
247.8505253260062,248.1179647356337,248.08013422608653
247.54650919138612,247.76432169522565,247.7750629672287
247.81584304455438,248.02401816886666,248.10256120332187
247.15779067258998,247.31694655437235,247.3795123423798
247.57405170165117,247.69330751959862,247.71136051138006
247.20760019695183,247.01717983308663,247.2914785958854
247.20522686243237,247.13691107791885,247.2178546434326
247.4010979002908,247.40023094337346,247.55301183897157
247.74719193884914,247.8418573912866,247.84397524509563
248.04088693889133,248.34346665639814,248.2764467052937
247.66033411363722,247.7562497202965,247.80594377095716
247.2976438176146,247.21954998648644,247.42477100826403
247.2586557796947,247.3191394424806,247.36497078042046
247.5210641074979,247.71906939986826,247.6907307917701
248.12196923170757,248.3240014141722,248.4211012284145
248.18950752242964,248.50308554354694,248.5489734556483
248.22713056396728,248.49903034292734,248.5803017137018
248.17405437072327,248.2755606562883,248.49292839108165
247.89746150897057,248.36513360888026,248.23326311686426
247.0787487472438,247.11579475963765,247.06345716831697
247.28691270707972,247.5988913254236,247.54406347769782
248.11040234541852,248.24368969365653,248.4127393828918
248.14853415666263,248.40877842271254,248.4243365620713
248.03220425888634,248.43534014203297,248.45742223117256
247.99938486188876,248.38490632409082,248.49881620288633
246.97899475886686,247.3310573063769,247.3319669076728
247.63157759289774,247.81015085257803,247.84898278081562
247.87058130935725,248.49972349140668,248.5313985305237
247.9128929868106,248.45301554748514,248.25262246695507
248.02794639069748,248.49735910500257,248.28825379942825
248.22858647192538,248.69373714452217,248.61888246362062
248.3770005525235,248.60810167726888,248.50961614585592
248.29425221090642,248.77646737343036,248.64454078193705
248.3748565672426,248.69514454005088,248.7504267970787
247.96388182275678,248.4254048204549,248.19719859222633
248.16241340369427,248.6156649798137,248.49032180167794
248.4014089628885,248.75935301553704,248.65272526298168
247.29402924766393,247.6049286425575,247.46507861294674
247.22384338780608,247.28256719844165,247.44265916099337
248.24271391061544,248.75773491350924,248.7030831916224
247.94885863013135,248.3954113819352,248.38081977083507
247.41835766768412,247.65652005495926,247.59114160742166
247.41492168860745,247.63754110969361,247.55045345213924
248.28126377604147,248.85901011971302,248.7117672070186
248.24445529082533,248.75317168557595,248.59597651200434
247.5443876047833,247.71134384115146,247.78638757086108
247.56073550476427,247.66525212715354,247.58617651299363
247.9478782678773,248.38567982935982,248.30138874461502
248.40658413562912,248.78073334977344,248.58438789342975
248.42716138688493,248.8949104834222,248.8704474645191
247.75965769532044,248.06275793088304,248.0339881271886
248.06669217128234,248.41407660314243,248.41982293236182
247.62957002278276,247.83604148778548,247.82630018711708
247.4598790392538,247.67381205629835,247.67084597469758
247.1738775643997,247.408168279295,247.39034659396347
247.79882772635838,247.9709145079148,247.97241821378375
247.25575158315877,247.32254851949992,247.44816721322456
247.58971217716996,247.69481597893392,247.73406278012712
248.53218189323204,248.8049946524082,248.77769861099034
248.0637047756953,248.4615668720058,248.45341592359335
248.07638557264352,248.544286627348,248.60158623395125
248.25468420411192,248.55836879286304,248.5236571781089
247.49391687247544,247.83433562298558,247.97428843643357
248.35090636872377,248.80814717329145,248.65183958565723
248.27127411208767,248.61256850136488,248.61798755398127
248.25914705034185,248.6923645065695,248.5955025102552
248.34863753178453,248.67990920664673,248.67436715934105
248.1189464513853,248.49428661076269,248.43388296402568
247.58239186503283,247.79345898702206,247.77341588898045
248.2514829435331,248.6867644671679,248.4989799068688
248.10400832361933,248.48927532576224,248.5398730109548
248.11079936882828,248.47145951891218,248.4120104191291
248.11458805315402,248.48476323087402,248.3533057554707
248.03836622367305,248.45893602784926,248.31056030798084
248.07728418136165,248.3327416318702,248.34951054133452
248.1054703811409,248.4286179261263,248.4434920030424
248.12446048668323,248.51110923513292,248.41390304963272
247.96099684329553,248.00919967676552,248.10882037220324
247.8597928930676,248.2343369229589,248.1770834824024
247.79060066595457,248.11119885059702,248.1945017636038
247.2770526562647,247.38717188922462,247.49991118794927
247.5580166117609,247.81474508775293,247.77740445042548
247.75040469951992,248.07867985075046,248.06996010847664
247.91972690616151,248.27346150295747,248.22423929173044
247.42342678131843,247.39319061348633,247.54131701487515
247.15800423117392,247.08920896820348,247.286259066469
247.7611759326775,248.0438111005229,248.02572484347138
247.65017462276032,247.90751334258232,247.94141921547973
247.38046764714204,247.38836003593406,247.34928960218735
247.94224553515832,248.20449840806083,248.22138075079496
247.6904758288223,247.9699462906449,247.91623376783258
247.6771752393802,247.90538516039817,247.9935177900352
247.66954719285934,247.85444695715927,247.96743407374794
247.66039613673684,247.72093833418737,247.83992849655186
247.54353927085873,247.69819014154578,247.8219944257722
247.54771953279592,247.79079571829877,247.83462177709475
247.39932012058455,247.68550036293772,247.79620810592607
247.45140796817176,247.58975241910753,247.7231175253715
247.4525038209043,247.55919894435917,247.6910554051506
247.41427616718138,247.61673691353477,247.69417712328539
247.41017842032602,247.4419959018966,247.6188903726709
247.4779868257809,247.57144265673622,247.58734466208264
247.32866499959738,247.34447373683426,247.40821180489866
247.22885470921491,247.35595321629327,247.4597745294453
247.36095332536578,247.3145479373395,247.4420371235177
247.33472760293606,247.3701683918569,247.47454083911947
247.25252964295336,247.40654063036493,247.5049385909668
247.09253305502693,247.14009501703836,247.20706943358178
247.09318047337334,247.2139754921998,247.2235445033491
247.00364515345836,247.11353209644196,247.1849624330033
247.20392441634635,247.11691587013354,247.30505464399442
247.06093281708905,247.12430392430943,247.16548865573043
247.10522384551078,247.1097959144014,247.22496156338943
246.92478367109027,246.83580288111983,247.0145433799013
246.82150717072423,246.90123120652893,246.86580956253678
246.78918510569883,246.87634071005425,247.0402697092882
246.86548324569824,246.84702342065194,246.93771850138023
246.78325351142075,246.76789778279013,246.86737754229515
246.7552714131035,246.7140494001172,246.73819419714403
246.70390102306501,246.7020774927742,246.74164272012897
246.62169229206202,246.68299474108062,246.73159617823444
246.66830628532,246.65494291841193,246.60955548057447
246.77152356972005,246.6047339063503,246.78697550786384
246.62453254680875,246.6163809357237,246.7639631344684
246.4264950567541,246.443512909311,246.70316977945788
246.70732209946922,246.8163568933327,246.77603065181557
246.5139039632842,246.55179346820103,246.81766375817674
246.66809493193406,246.65133951827028,246.8400651376472
246.6118799377458,246.57783379005943,246.78430321785325
246.55892456536918,246.56734898915292,246.72072601589596
246.54926434638224,246.62131349643454,246.73348047132197
246.5692089761594,246.6990485694732,246.7362700066
246.4259440597299,246.60964308361974,246.73694273793365
246.41778263394949,246.58777061630798,246.68963554592702
246.52523982488736,246.57863849964116,246.72217011267077
246.51241889578296,246.5445210924832,246.6637471035498
246.6147483765556,246.54938115586813,246.64000029006866
246.60119324959706,246.61056821157678,246.6263352274633
246.6718252544591,246.51123500338883,246.6396388512637
246.49973819306913,246.63324344656166,246.7053657413122
246.347882446939,246.51159811577426,246.68727572346998
246.3747352953218,246.48663353170292,246.6514115989455
246.63895105738726,246.65043311003424,246.77191045916763
246.73563255916594,246.53495536611427,246.77972632289905
246.7844397694126,246.8095248406733,246.75253804744332
246.61395139242023,246.64198812045132,246.70318095343544
246.83771613808648,246.85058159112344,246.85220267716326
246.74286526370125,246.73965587585255,246.8598150778401
246.79180478837577,246.76471212932165,246.89311386755733
246.64550433167665,246.71296731775246,246.8110217003448
246.7072263768046,246.72375554575677,246.7939705892394
246.68832742724496,246.7627989177606,246.81277499649278
246.63242734655356,246.64800268863038,246.7247303773953
246.75551166476797,246.70260685185053,246.7579290286357
246.77294093226004,246.6388782075922,246.72657787527868
246.71069573871736,246.71851982597536,246.82587391552804
246.64411464216695,246.6696111038154,246.74841787041083
246.76353401885717,246.731353259988,246.93354301914619
246.61918043662553,246.63289022639802,246.7505231756248
246.81684450053194,246.73769029470463,246.9382289367851
246.76830470381663,246.67009081799773,246.7261617018827
246.90106951457636,246.85604981325162,246.94917204937155
246.95000201688958,246.9161297429256,247.09198307747036
246.88760171991314,246.9020503748306,247.18280898687632
246.91221513206006,246.87652168068442,247.05032149726654
246.91621154464568,246.9068015246181,247.0165145058148
246.9647251213573,246.88607549280505,246.91258768417902
247.2524831124977,247.1716996706586,247.22938127068915
247.25354025761223,247.10972844060828,247.25019659086158
247.16649363881507,247.06702795735268,247.18469967106694
246.99963486651563,247.10205252888585,247.07263784779698
247.02076684813537,247.08990296407197,247.2064581596606
247.25180272550398,247.0174402440378,247.15995933189365
247.33240446396644,247.38463294900203,247.38200953180674
247.21229297167645,247.33705161409753,247.45547272050362
247.3054201268433,247.36830996190716,247.4469077511491
247.2813126711312,247.36749027513915,247.4065733117605
247.4458836052326,247.33697470825234,247.39809774457333
247.4273210691292,247.36387370514993,247.36117068646794
247.64323624295648,247.57928114565155,247.52148809950515
247.53088836620228,247.51187347245875,247.52521425127068
247.5490586831709,247.5278710593361,247.41786217157872
247.58226021028523,247.52353772682315,247.52841570528946
247.58940973659085,247.5154755104786,247.5739319545295
247.43171219591434,247.52417566731333,247.53314316085172
247.58574895131295,247.6532455267109,247.5416963502053
247.698952357745,247.6340855788297,247.48064549867195
247.7054455377742,247.68370143465458,247.4981172156165
247.71314164136112,247.67345732275,247.60386146102337
247.6429689696188,247.66840101821597,247.49738228123164
247.66438758085792,247.68540675016146,247.71987106844583
247.6631357443274,247.71709884735415,247.75704939766223
247.83593467055562,247.70975127919775,247.7016856117038
247.82293891767375,247.74614432693164,247.72934408911695
247.72472597731237,247.67161178459023,247.6741538266357
247.76987640704937,247.73026051518107,247.73828706501772
247.71806834838787,247.6873674696441,247.7705738044839
247.88910829743807,247.87685594964472,247.94457871487896
247.93964331517952,247.83317535771414,247.8267725657863
247.90450606287644,247.83234401918858,247.76186560313178
247.75766914900117,247.82275019769523,247.90755597192614
247.8509424080932,247.8727531169163,247.8385324491543
247.88431193176004,247.84068418309005,247.81736296355638
247.98543462035408,247.94413053596205,247.9199145120854
247.88120523167052,247.85984919157266,247.88815425499556
247.951934236263,247.92738846797653,247.96262717373824
247.8823161846884,247.91577952338207,247.95305643852495
247.9568593391271,247.93284648594528,247.92966957944026
247.82764448776703,247.86892086292028,247.9322697158467
247.95199038874148,247.99564611572603,247.93925237964774
248.0323476507143,247.97905814427614,247.97351337983815
248.0336481540731,247.957887200611,247.97324167998255
247.89494955517435,247.94335063598146,247.98082634105916
248.0051292882546,247.9784910989095,247.9351571951529
248.04281005231059,247.98743558614638,247.97206236822126
248.00465450078744,247.93207297330358,247.91139012121988
247.999731391942,247.97290496245105,248.00078048351511
248.00017268201356,247.96879441979715,248.02748666925936
248.02299626393562,247.96476828811228,247.99321102314644
247.85308557561788,247.896109777694,247.9266387016203
247.95336777065395,247.91909677436652,247.9689199206401
247.97264255018453,247.97406999210173,248.04543567714802
247.92863347907132,247.9541830493014,247.95867541203393
247.97920103320965,247.95081335845035,247.9555572050058
247.86994572203113,247.90057639562943,247.90856306963425
247.89373211010349,247.91943774146782,247.98430961798076
247.92273088545804,247.91201125079303,247.91622316513852
247.9456177266287,247.9433334786702,247.93463393097826
247.9493002091482,247.9424469917856,247.94446434594317
247.94127684923097,247.95815407585033,247.9572317262469
247.85925028985795,247.89649020865133,247.98314298880112
247.96199936903744,247.96248123228054,247.96846202880715
247.9432647036101,247.91427098080263,247.9188567711507
247.9245801962402,247.96426756827307,247.90654691387232
248.0037287458234,247.96694020724334,247.9789900508494
247.943929897755,247.9340858216344,248.0024524670066
247.999256419503,247.95349961696598,248.00393385788357
247.94711061967027,247.9131205371379,247.90433304170733
247.94199947721313,247.9366266352482,247.91758965817516
247.82914274543586,247.87940534716873,247.8424835540627
247.9115185244188,247.88890570716487,247.89688219175784
247.85328914083001,247.8269190755398,247.8147599650824
247.89853786284303,247.90766331287946,247.97519652321822
247.84336716247228,247.8757493240173,247.8874206927855
247.8928814725262,247.85478363858869,247.86496666117418
247.78468311397975,247.81037554057505,247.8685987277577
247.7805470190691,247.78178370274202,247.78723537660235
247.8045919255665,247.75949984809472,247.7463986921839
247.43293196353133,247.47252635738886,247.51259270591063
247.53466469339418,247.48145979791082,247.57021249588118
247.5289299460785,247.4875340614891,247.5619279318039
247.4710287797739,247.41745414546455,247.53155785316974
247.50453540002846,247.43170538022136,247.47714659754433
247.46731790993908,247.4710199477053,247.47129872786275
247.49867536099043,247.46379830756842,247.49723305854002
247.45695844033187,247.44838488102272,247.44921929813458
247.47009998139933,247.47473857241653,247.47760850754543
247.37058145856113,247.42238172729284,247.37517846594307
247.38963540481987,247.42460512957197,247.41533565681806
247.45124399696562,247.42834936835467,247.36639688908588
247.43310106734216,247.45436627752497,247.49764176052634
247.40037724062663,247.4467516967888,247.55655282529818
247.42747522208208,247.5059939901042,247.49310943608256
247.45646931560017,247.4590128203139,247.48421694388549
247.4027436122264,247.44298780258868,247.44920853128434
247.44631676993836,247.4991637848119,247.51695440915356
247.43382419212614,247.4939851715316,247.46630319651914
247.476610663158,247.52225270794705,247.55412431002853
247.47278225469674,247.50027352569808,247.5383617073505
247.3354954263709,247.46300430537283,247.429033513703
247.34030266503285,247.52904747628892,247.57097253091592
247.3775719838363,247.5277141117486,247.5768288345046
247.414633105581,247.50049645456417,247.46226841522656
247.41065111517673,247.55030539330616,247.5348130283422
247.39240860333805,247.5723990273091,247.5910695742096
247.27623464180732,247.5156767909112,247.47999839042683
247.33897674353238,247.51537981269738,247.51581275506192
247.546006426644,247.5669501227605,247.6423538695199
247.4292849840658,247.63495689134896,247.65040795563561
247.44794456724162,247.6230417305168,247.6046428562139
247.58042483529468,247.67872216294458,247.70719573245108
247.4651014524731,247.61843116767727,247.62139813448186
247.60377940350935,247.68662050656692,247.68260520549208
247.6184239326334,247.6891663250372,247.60763502371236
247.66794554620813,247.77878245939314,247.75300658640595
247.51100207482133,247.55430998535493,247.64164295841152
247.38881408163292,247.69920095111345,247.57552803573958
247.8087970995518,247.95565317173748,247.839167141849
247.83490034811956,248.11703463637002,247.9132212051418
247.57975834364504,247.7866822921518,247.58303381288496
247.82357413075087,248.11563295844905,247.87187133054798
247.23319151224285,247.3414383788734,247.34776786769618
247.5452854619584,247.70202258579016,247.61531105494254
247.17642501650943,247.2267189877904,246.97381779698037
247.1477976754849,247.25040140292106,247.1533189427643
247.3279429272035,247.488971241632,247.57507380994468
247.66750659524294,247.78300957128366,247.731787029661
248.10351022413056,248.29444196725262,248.13624602546471
247.62714822337765,247.77976839648414,247.82698907052514
247.24572980901567,247.26842727243928,247.2390813642918
247.19694236096117,247.32645404402842,247.35399201234574
247.65392953330368,247.68359957735984,247.63425422819807
247.98976317101835,248.4180232416302,248.25039221385626
248.31444014726452,248.6053468082676,248.51076695111917
248.1614834713743,248.56181024870585,248.49403756878198
248.03103170151098,248.49087248611912,248.40064140777724
247.9494063296268,248.16445576742268,248.29978745817135
247.03906936907734,247.04437370912012,247.10461183386383
247.46238009163616,247.6406847764083,247.56410025352156
247.99968100888563,248.4988522835177,248.14748443610821
248.07223613812178,248.42812138049823,248.25936370358232
248.11885876848064,248.40739064553267,248.3348307496929
248.0756712549417,248.35451994854233,248.43245824666607
247.31847173297862,247.16761676553375,247.4817856750566
247.77894452243024,247.88023350620577,247.77385990827804
248.1656751724698,248.52787537938593,248.3122024104313
248.0832753801555,248.29077988887678,248.37292414685837
248.14888048911504,248.46375151467993,248.38078182326285
248.19831786275924,248.57135709123358,248.4704058676922
248.20711195268385,248.57443862969123,248.67688036529822
248.24976985398973,248.65304952531275,248.46514577288914
248.1893062876963,248.73857616007092,248.72268575412804
247.90829787608192,248.40172077475165,248.11543114568474
248.39700416792243,248.64247782230572,248.5655218401538
248.2296252699746,248.86940429573295,248.67584870886506
247.32413535134938,247.54781510398763,247.56184190880646
247.24913129315536,247.3571346268676,247.4068127220644
248.14086356654397,248.7034890260296,248.6235487192454
247.95562409589715,248.40583907522904,248.26170342282927
247.14011683411758,247.62525895747362,247.4441276465415
246.9781620212321,247.60358145383552,247.48547063810386
248.1241331735891,248.8875153790325,248.81440544719322
248.03148070259923,248.7810435469241,248.59232856811113
247.58983315084967,247.8017635590763,247.6127687021704
247.38076365438639,247.7262552781026,247.6458290846714
248.0305791323364,248.32629278129403,248.12105960864307
248.51501682971934,248.9604497256157,248.85186258099134
248.54122246736088,248.96679724290166,248.67044609383015
247.49065616773288,248.01741006162746,248.03767344382703
248.0368356970011,248.49592838865956,248.37037849657884
247.43969745029426,247.86240821044285,247.7534603880106
247.521209917095,247.58389596662622,247.5385925380646
246.92070499750588,247.3818915267425,247.2104402798086
247.97629059264983,248.0933534604694,248.18496069128403
247.0787537066344,247.44895344531704,247.435338697084
247.06882743937723,247.65677969095324,247.44822983390557
248.32817190884262,248.67684650924716,248.69757978282806
248.1787996132672,248.51134659601956,248.48386332777716
248.0991708582174,248.6528018469601,248.39581624898884
247.9119685272833,248.66062686551405,248.56852867797895
247.74332644612582,248.05266206743258,247.8317800807217
248.32103845206865,248.7928384388995,248.5461199741298
248.37727057575876,248.64241845059252,248.5996106558265
248.19630590173216,248.6166538262663,248.63313263819566
248.12565301624534,248.6586944831777,248.43867474198942
247.66633423630225,248.4074871976553,248.27995050067878
247.68145998573422,247.81550758189928,247.65626018481254
247.99546629901783,248.55588065786424,248.45422262752248
248.23520439948706,248.5575484102139,248.3063682329476
247.8621148565389,248.53946397786163,248.4318183438023
248.05278316945584,248.4809794190134,248.32540780660435
247.79642327339346,248.42450597199348,248.29934656901932
248.13930140753504,248.3372183680628,248.20243378074306
247.93203537248138,248.55286721182586,248.4426310535128
247.78769379420498,248.51944119986504,248.2066748244011
247.72058892638157,248.0700409564368,248.05313935003724
247.55943986255826,248.136914285916,248.04286544316682
247.95247104254588,248.10846608181288,248.04806754571516
247.3791799613807,247.35486697505266,247.54541954294996
247.52113525901024,247.77941308559872,247.86562473651577
247.80097525118,248.0456953775516,247.98309159634684
247.8212710763481,248.14237361337683,248.1803029013526
247.34273122659397,247.4328470176526,247.55268024166494
247.220955293457,247.19840947368039,247.32147558054783
247.78698422093208,248.02837358920775,248.05826177649573
247.53096575536568,247.90129782937876,247.84163459233253
247.29131554891956,247.39647599035695,247.2848527436039
247.8276228871586,248.23668828631457,248.18937104628225
247.44638684093033,247.9205485459087,248.03507968101957
247.55831304807788,248.0059408550157,247.88601082680577
247.5927807237132,248.00387138455122,247.57939630822833
247.58657928513725,247.85832769823224,247.68141549823548
247.64241134431657,247.843926897655,247.63804032432057
247.59970380439808,247.85167752408154,247.6711683107786
247.26479472317143,247.68521912045253,247.55467071040638
247.36395403230293,247.68138480552662,247.48704293040004
247.38041243487464,247.6627945107275,247.56241518409044
247.13636972367095,247.57163355247917,247.78173090236697
247.1962994822056,247.50087983967967,247.4707828058895
247.32741596168702,247.51433105741035,247.47523283068077
247.29944335154008,247.3808018670256,247.3657465026564
247.0102448171396,247.3432900809703,247.09669880937628
247.1221962616674,247.38210974771752,247.28885707032111
247.15822583419026,247.40213065223077,247.41447019039273
247.22700887758174,247.36201313756447,247.2642600343848
247.16726495904686,247.14272789572547,247.14781764694618
247.27211768566767,247.2123078048986,247.39265125583273
246.95099055743265,247.06144688308078,247.18593996992325
246.87969950704357,247.09477379663073,247.31460422429595
247.0058606158308,247.06049502982935,247.1213599172245
247.05553342027184,247.06521373860198,247.08970419640676
246.77417213268885,246.89793438544106,246.9941373734045
246.75752802735613,246.87846461043006,246.772535030279
246.93236915588147,246.85836859729062,246.99515532913261
246.86253070192862,246.8016163405958,247.0037846597684
246.7137997361635,246.72316087026783,246.6577718386682
246.72313085589388,246.68050020823162,246.3481520888054
246.71006287879956,246.63025400713758,246.73806096106907
246.69961880829393,246.5857836538578,246.90409346161715
246.37776670208638,246.6439600826213,246.67751399182794
246.60917635713932,246.62502621727097,246.66437696413078
246.61486034994235,246.6110283264539,246.3708143931922
246.4439622395293,246.38571358167295,246.32164002543016
246.78367232553833,246.66194828827014,246.79852739495945
246.49855954126346,246.5748779365546,246.69728821321547
246.49428579321597,246.67996412381257,246.75838432099698
246.44084555420017,246.6152034474637,246.75143525449124
246.5459504350107,246.51330905465787,246.75695033544253
246.40375585565914,246.5657514256954,246.6886033048653
246.4866477023771,246.66511456875642,246.6998480224477
246.474784916451,246.57850972787998,246.69094665622535
246.49194223461495,246.61803498694587,246.7575807743212
246.42825267589814,246.61600209247248,246.73346621395336
246.45160632202854,246.49859142790245,246.7263344795793
246.66572755035915,246.58100984979495,246.70978902176253
246.6084266351843,246.61681221717683,246.7515299435374
246.7083580824524,246.5442307370176,246.73550110312976
246.36587721436553,246.67950695327073,246.75646502476454
246.29941074895046,246.5351306866458,246.61901074006622
246.49329039786454,246.47911750522567,246.60839664706825
246.69201162351212,246.63271641610982,246.8220793671605
246.67570176784392,246.65801423681827,246.68450290024097
246.7808787224912,246.7836665279319,246.90522139100406
246.68426270387823,246.74087604059872,246.79311265713076
246.80980490600382,246.73255437318895,246.7680751329706
246.69196478160256,246.7828470823728,246.86917446904675
246.73423262754397,246.7795818532005,246.85723920675318
246.67885478482802,246.68288191859557,246.83283073520502
246.6990184845093,246.67894421240038,246.89031904399388
246.63729289271959,246.68781057076546,246.9106182348475
246.72369069140825,246.62491701439802,246.79704244613075
246.75060091256535,246.74983513764616,246.76035286721492
246.64381588370009,246.7415644531528,246.8506255994148
246.82205018102798,246.66067264802894,246.83370738881365
246.6620840990144,246.64267655097174,246.7243223504392
246.6971412775916,246.69296780385918,246.81303503106255
246.61812535702933,246.5845208329879,246.81440847907018
246.6917308608427,246.76630982340262,246.93969934643545
246.64792627532054,246.7130240047175,246.92067142213133
246.9727437945815,246.84264862244225,246.90573177227816
246.96009746015642,246.7657696569823,247.04438182781442
247.01981397364085,246.78244817786617,247.06442104531493
246.89698538606402,246.9290166432958,246.9287145193218
246.8621766234842,246.87071691722758,247.10752944756752
246.91432414933732,246.8957455846911,246.83118790809505
247.2258417384845,247.1247069457433,247.27548533150912
247.15800364010386,247.10931043936242,247.31099852642546
246.95429109036183,247.07415696599875,247.15742643723155
247.20586928449404,247.06175974078522,247.04711007197923
247.14986048198858,246.98342419560205,247.11678640050772
247.1389657111307,246.9333867440605,247.09439168931053
247.40508506885453,247.33792568562814,247.40484122026092
247.3847574304485,247.32668694216554,247.4715637028484
247.43119380509435,247.3910009651997,247.28594149467304
247.3670783265706,247.3886193139448,247.41931253338115
247.38824474885777,247.2861028045797,247.45772363336187
247.39765266048735,247.33120213982585,247.3401770510946
247.59035630141142,247.58614063147306,247.6221172739092
247.56536617148768,247.50012050760876,247.50818938506242
247.5453849583123,247.53309707299343,247.58294851402525
247.60347297737502,247.51656284445934,247.60906507294087
247.56327607002595,247.60243625425508,247.56867414775925
247.58579415209869,247.48005394894062,247.57287975688945
247.70125952703307,247.65694825002603,247.68827470780013
247.6517569579448,247.6301247210736,247.70131701512537
247.69830473430267,247.69364500797758,247.76253841639067
247.65051061374635,247.7287309132764,247.77331161963164
247.63492209849642,247.671125857114,247.67840416599918
247.68512379053558,247.6182005189744,247.69751778144607
247.6903646975446,247.71821070692874,247.79403248195607
247.75410450069438,247.7247388839399,247.78231774133275
247.7528534402784,247.7780889366198,247.80352567858162
247.70911832496208,247.71866680829746,247.74294574428038
247.81126872493633,247.76562152708726,247.7802900062307
247.74870263484718,247.75312244864486,247.81313394768168
247.9264994748383,247.89917841985022,247.9227313658825
247.87072954675384,247.8475602968097,247.8869542781571
247.9048460843284,247.84326010023244,247.84386527915012
247.8908336024557,247.8246711293871,247.89225482786722
247.8893052702883,247.8431884564411,247.8874953930005
247.91279236766854,247.81233866109176,247.8657834377977
247.98145335931588,247.8876523333697,247.96253395701515
247.8976021464982,247.81595536305326,247.9098798036113
247.94540357504306,247.95614061356716,247.91510164099017
247.96258554704661,247.94414931114872,247.92725587929303
247.94057594993603,247.91188373714093,247.94801811340804
247.8954991297259,247.9052668267707,247.8876750855261
247.99999862578656,248.0132474731984,248.04414897331228
248.01095512799435,247.9870673972152,248.02053290837767
247.98213423624765,247.99501244425014,247.98176802088483
247.9148326596483,247.92879389758278,248.00308622688183
247.98021552498298,247.98134219077176,248.01649472125013
247.99297608728037,248.01056025351767,247.99085727904145
247.97361955714305,247.9707768046145,247.96677348494705
248.01361533364383,247.96352963947524,248.02465055527827
248.011286867348,247.95721080651387,248.0097621490246
248.00942002749048,247.9408223148982,247.9886284236695
247.9235558335316,247.89183054125104,247.96106398286838
247.97041997317385,247.91692338524084,247.94945060633907
247.9944669516925,247.97361716465824,248.03750559687933
247.99817440044296,247.9383503508592,247.95220096905686
247.9681361139798,247.95182707564572,247.98521144115512
247.93190909776044,247.8951460201722,247.94809551950266
247.9653857676168,247.95253540062927,247.9840858740634
247.98682206224527,247.93096586408524,247.9382340567926
247.9539188847506,247.94640793715087,248.00837198243977
247.92614266292702,247.93053700235114,247.97426349690542
247.979271939269,247.94822048599255,248.0067068710897
247.90630675484107,247.9292073928278,247.97469581683296
247.9442357874688,247.94396580699456,247.99596726795664
247.9671577734025,247.9232964851169,247.93408271284073
247.95658113914536,247.96075013771645,247.96022578676562
247.9912196677568,247.94604010184983,247.9538292223671
247.95888121924784,247.9070064190689,247.92674458838232
247.98877800289614,247.9406017880455,247.93699788734287
247.93398975566083,247.9034252242945,247.94608472286518
247.97131097425316,247.92364960548974,247.98194765940457
247.8711712268765,247.86498103195797,247.87964892078776
247.86069471882908,247.91123025119825,247.91934046384148
247.88472728575007,247.8704403736384,247.89389209133546
247.94799049708104,247.90190742064644,247.94518014709934
247.88635140728758,247.88374629280895,247.9400004621886
247.88405622663032,247.91764213117625,247.91201684064328
247.78829920320496,247.78380051959272,247.81747369118537
247.78373501494207,247.79660246937328,247.82578105720836
247.83319177072576,247.73227348649974,247.8276839292182
247.4121526040128,247.46627404528644,247.50000650941382
247.52496300533457,247.5136042499279,247.5742636010153
247.52127286561284,247.49905533059004,247.5746177788142
247.49355920729505,247.43501315900107,247.52866347196627
247.51192771276516,247.4669123921012,247.52837429524635
247.50415370639206,247.4646117041734,247.5061244671777
247.45577916360273,247.48983193339708,247.551510442246
247.51199215685583,247.45736084753946,247.50198793628937
247.49324212723187,247.4602162335681,247.51986572301024
247.42535039210068,247.38422765682293,247.46883873345055
247.3773089036643,247.4173301971236,247.46810951990486
247.4251596974579,247.40309195391154,247.49605887742598
247.43750250608454,247.41575519004917,247.5010101759783
247.42024503972578,247.4459381150119,247.5139354799824
247.45538665546113,247.48112404051852,247.48633555348732
247.479152342016,247.4833634720571,247.56394521783537
247.4475998836599,247.46373085968486,247.502671994085
247.44455987317326,247.45465068977816,247.48562058451296
247.4399382342995,247.5305096972245,247.54651928197626
247.49362979247798,247.52852953070763,247.6211650847712
247.46454975193248,247.51491168406204,247.5587409283899
247.39301228542845,247.4205517858234,247.52704367317907
247.4091991950015,247.49871545086887,247.56766609732185
247.3860687548822,247.5313377758984,247.56686838660832
247.4151886389101,247.47692865396547,247.5367913934303
247.46955755665158,247.50944481474244,247.59534497354306
247.49265075391656,247.57293773204137,247.61313660049146
247.40758787148584,247.49737661700524,247.5501377248082
247.452197285408,247.55203404223852,247.58503988348525
247.51592080389509,247.58127312166658,247.60349664651554
247.55401437290658,247.60927258059468,247.66336653054253
247.47793551893955,247.58186883401916,247.68486829599274
247.52601662856284,247.60278832923268,247.6871665511485
247.51574246142388,247.6279540873987,247.6329565316766
247.49956235825027,247.64768704083272,247.64522605621192
247.55440136748967,247.74602155355544,247.72043652799917
247.54077760184214,247.71685547000317,247.72221288373782
247.44274656672982,247.64628413080962,247.65767355439786
247.54783555132343,247.60215782913573,247.69445280693088
247.7871468729238,247.90134204689707,247.9962886045584
247.88522607776227,248.06115308089144,248.0843169205333
247.5464632614817,247.6924720459364,247.78675534794834
247.80262188212646,248.04778967088959,248.05667619896707
247.3047230932178,247.30442640390413,247.3899254190785
247.52470717115023,247.6687800985025,247.73028496925662
247.32782950390302,247.2995367486938,247.32841309875442
247.21581358254628,247.23502212049783,247.23135226271066
247.37968770979003,247.49157059148723,247.57550390625974
247.78757933273948,247.81163024659998,247.8213093484272
248.0505952633627,248.245177359215,248.287947596118
247.66751092295544,247.87864218251025,247.81622080246174
247.17622178705946,247.29634023516886,247.41797843498853
247.19487288017288,247.35820408649272,247.38745607667406
247.60359231015943,247.69521538666984,247.70710754814965
248.11613304589793,248.41771269223275,248.4268384336269
248.10828908550525,248.5984541280847,248.55469728903697
248.28201793813173,248.55987926728395,248.53545073966083
248.1312481964706,248.512550911005,248.42158993818526
247.97084608596293,248.16278284998032,248.33453855872511
247.0725463585537,247.15926289591837,247.20178963372203
247.53289526798417,247.63937733427778,247.64699452831627
248.07384872148677,248.35558968542577,248.38413868862065
248.13430876865166,248.43704948707125,248.38552527143997
248.15206978972674,248.5232971619451,248.40955185935096
248.12655431302863,248.56467578335187,248.4153443477098
247.25944184887908,247.33512402474273,247.5003397930582
247.6554438744066,247.88846381938015,247.957648992486
248.27195989624605,248.58577120110044,248.58101214748544
248.17191611409197,248.48092738579092,248.35529423117987
248.1351255337333,248.40004397579065,248.4023795560115
248.31958672155463,248.5630704031332,248.59830212026543
248.2517748619175,248.53988395686196,248.6055159583035
248.35706026240544,248.8189830677205,248.57968863169432
248.41878940841846,248.7766075894976,248.67047992813372
248.0841929648106,248.40594084875244,248.3381951495189
248.2610348620094,248.58539076372637,248.57344796408375
248.3171027292849,248.86714618975572,248.7019535493263
247.43713047963308,247.47036339095658,247.5702257891335
247.36131730371807,247.23625984995402,247.30676101228272
248.3600644457012,248.59034220610155,248.56949549648098
247.97057596424798,248.25950570292642,248.27810737711556
247.24535573524835,247.61366738845663,247.51691303138907
247.2963466324725,247.52257923807292,247.617124696243
248.51367992230354,248.76039297397168,248.81475371819676
248.2763878224301,248.66918905020768,248.65953136245352
247.6343340167067,247.731506496545,247.81417426628698
247.51849654918388,247.67615968741083,247.56031097490015
248.0621484629818,248.43404807662873,248.28385401472414
248.37089778072522,248.9553448334801,248.70530830514286
248.4624243295027,248.9263329911768,248.83145734391582
247.56579341181995,247.96926730182156,247.8607921979244
248.1055023551613,248.32008095354303,248.4481049054271
247.50261109559636,247.81915632592722,247.86589925240983
247.51082856604793,247.61486524559692,247.6796610110823
247.09627393258447,247.32019653527695,247.28282768499406
247.6270905720911,248.02114606332339,247.9547735639361
247.25892582596487,247.26921157002565,247.4124785203439
247.5293745625609,247.75008924002825,247.6426943210324
248.45339022856024,248.97011571531496,248.6309881951936
248.27571200908824,248.45385460509695,248.421489590919
248.16159366045096,248.37666274031014,248.63668722870278
248.0955931754808,248.497885792607,248.48824668881196
247.6444597160158,248.0207989340468,247.81572375955
248.38400641628232,248.72046529197237,248.56894125239305
248.28423610733245,248.59857578677745,248.43769609960805
248.37645459571303,248.71928520020398,248.58671074110538
248.09085429089316,248.45645358602826,248.56151560150226
248.10818070686085,248.4681208641229,248.3576232030858
247.52453818159955,247.81308474471822,247.86782470584873
247.99925328403512,248.56093525206356,248.38541007244848
248.0420371965178,248.47985824486545,248.4683882830883
248.1864947970157,248.30320296614536,248.31484935743438
248.10926821147837,248.50215922886923,248.18674962560095
247.97564679714247,248.35977620140082,248.17217028494053
248.08270399824315,248.26948966889614,248.3026022639898
248.12098408487287,248.51334572607405,248.25047920550432
248.04645922670164,248.29936370226852,248.3774775859531
247.80894517995682,247.98305958917766,248.04433552160535
247.8653269273114,248.06267598003203,248.0873807230839
247.88492121073008,248.1404524424059,248.1606566499836
247.2395084244448,247.32297762077152,247.42553128505256
247.60826167579236,247.77860823143857,247.74458809607725
247.65190620524902,247.92726492304126,248.03632716631324
248.0114147867023,248.20164757595188,248.25211343217302
247.28311451682205,247.48251726225095,247.4410987725236
247.13834577004337,247.1947350747045,247.11740970853398
247.69564981536135,248.00123748204552,248.05964760096478
247.62407286958702,247.9120748486527,247.9406635320116
247.24947476471053,247.322851133203,247.37189191214495
247.9188865982622,248.14138640379224,248.1890962326176
247.7008259027193,247.8483990907069,247.79895412766908
247.6826448055766,247.89187157280696,247.8548214813755
247.5964617747386,247.79187261241898,247.9362173606467
247.7091272566133,247.7837813126688,247.8054955680248
247.392422586944,247.8416045648069,247.77885739627348
247.47524362734626,247.82506030082538,247.7960746756957
247.6033874539994,247.7350832372807,247.67884549899603
247.54850402816922,247.68469325512174,247.74974264688922
247.44196750902717,247.52336855141766,247.68338230689866
247.4018053145489,247.53107734303714,247.7397162348598
247.44297975761302,247.5361937811291,247.53687493341997
247.3286868308706,247.5211979444768,247.51213804369297
247.2093325149724,247.26548561061864,247.3315403231186
247.32508390679425,247.40878839945108,247.25351240354328
247.2101170676652,247.39212938741935,247.39556565621433
247.26669403564537,247.3933059182793,247.45131811279538
247.33300110728348,247.34881581520375,247.4300453729013
247.07481718861158,247.15406419469457,247.18944244739103
247.0848306630365,247.24349485911173,247.40751095252773
246.97144949292556,247.16498168189165,247.07084154119752
247.03674464860347,247.22032743280536,247.22904508586822
246.93024295034252,247.09340081359355,247.1338259709454
247.1224226347036,246.94513068296718,247.09254294408245
246.8210682708787,246.7926542170949,247.02051509790007
246.71636729396096,246.90236006714107,246.92439398586637
246.8668311464862,246.8509912927773,247.01718222597572
246.75476810103663,246.63283176689592,246.80413349543124
246.76515314762804,246.8079507738936,246.79892876387729
246.71457415694493,246.62691243267017,246.7340721919276
246.683364871674,246.735775838291,246.76990212644338
246.47387533934258,246.55271313599056,246.8453576529905
246.5489239549784,246.74051945149847,246.70188100283303
246.606846022671,246.71131901140927,246.61745020379644
246.4564886041096,246.5807991167762,246.63171029046154
246.3812169923699,246.57082676718983,246.4424134847003
246.69014126525636,246.77022797358632,246.97919206948745
246.31750741724187,246.70421864716621,246.91826234183296
246.35292466739904,246.5725855583686,246.7701671301411
246.3493597675914,246.62573662587675,246.63133338867712
246.21917459565742,246.60163771608293,246.28995020384022
246.26098961177166,246.55398468470682,246.77659581954654
246.62639643289174,246.63416943390757,246.77040548717514
246.4090728640848,246.42386990044508,246.47868276559973
246.31345100220153,246.62619382127525,246.57396946217554
246.57719012181784,246.53167509080833,246.43175359038824
246.53764221857762,246.4860522072045,246.54005921982366
246.40347464061844,246.5010400101572,246.35507676028237
246.30987000721655,246.61315927217967,246.68121378407133
246.4287428946945,246.5333074616989,246.79365548854582
246.64004495053186,246.53453000404255,246.74706142122412
246.54478891205758,246.68008856427593,246.64171318491464
246.4663899064429,246.52981646633316,246.43762476529773
246.48625303658469,246.606437100727,246.58534763391262
246.62651153912108,246.74105790095322,246.75129058979707
246.8293949321188,246.84470908925334,246.66007584349435
246.8244131949989,246.73982760053246,246.87887848122173
246.82306545188345,246.6963254821913,246.82191654682416
246.71115233597598,246.77224820906872,246.6181729346407
246.74485380097812,246.8198773452363,246.7235625823336
246.6827266258712,246.64144809210342,246.68412849883944
246.73299264916326,246.78056582814784,246.87172304443493
246.636724187532,246.67714003631184,246.84950280724783
246.61706441460694,246.63140726103083,246.79218402523088
246.7457256451341,246.6386105664043,246.6264059977383
246.61433326004092,246.75437110879355,246.85798216673908
246.64545496243832,246.74769713832666,246.8486966196187
246.6327903587886,246.595105074523,246.91663376940488
246.62796969102976,246.6743552028655,246.90027224896875
246.71606235714137,246.50301113606832,246.71909752671712
246.7801471944048,246.79648228807676,246.70238615788682
246.70745030123305,246.68178042719686,246.90798872430057
246.97431497326394,246.78150170778446,247.0215308538381
247.06702030241215,246.8687691053203,247.10463555679164
247.03994402379305,246.97918542207802,247.02488511268905
246.93770904517177,246.79152248560555,246.91611194100756
246.99209202267676,246.86899253046138,246.9351988663385
246.88012332996007,246.75399829543338,246.95648924107883
247.2245409615335,247.0586367834161,247.2036006562991
247.2376009569636,247.09236511982894,247.14182014835728
247.16800045841538,247.0510607676292,247.19304467888105
247.11794834681106,247.0078555762535,247.1262438725687
247.1834541867465,247.06192730657764,247.06600543263602
247.10187864624783,246.975392548086,247.21355927290082
247.33874376944794,247.36402679867425,247.36024035777118
247.45317337657661,247.30416440884872,247.44882562155132
247.4365754743907,247.37668502917543,247.31523594655366
247.3961609889333,247.41637007693996,247.3741636092626
247.39933477233365,247.26123110011207,247.35526955952128
247.41735255889193,247.39694503748393,247.50395898852466
247.4641252249293,247.4261988421783,247.46995235546532
247.45223429339453,247.49232879821218,247.5737063487039
247.5101440842477,247.54224580042597,247.5612500712553
247.42487737256124,247.34173033863564,247.6183990588117
247.48834463502993,247.5180145962942,247.54453557302315
247.5878918006577,247.31054208117726,247.48914338944567
247.5279848199727,247.72305166638606,247.66888098097044
247.58429826121153,247.52341620539917,247.5552818968603
247.61354948946735,247.63108279324703,247.62709531846227
247.63629747876456,247.5059749378795,247.607735932251
247.68282835577486,247.60993905792742,247.64349846495872
247.61997889348157,247.58848385477444,247.60257424227515
247.7184679743158,247.69063642851572,247.71580847081987
247.73912443155666,247.7324758798398,247.76757064355206
247.8273511808365,247.6987555647477,247.8209861131476
247.74396765484983,247.5632857837249,247.74983081280538
247.71440571218972,247.70797736550463,247.67242576494783
247.73193331994298,247.64498645327876,247.8208604794308
247.82571801357483,247.76018649143612,247.94365315090113
247.8227428768031,247.84965949669655,247.9067279569265
247.8207546918363,247.74704044790445,247.8138683400444
247.95385511842352,247.8383764360092,247.88118272282722
247.79720871777204,247.80770361672555,247.8909777676149
247.93642181540807,247.73639273543503,247.8955827564571
247.9632857170775,247.97425148818792,247.95674364683566
247.82680687997743,247.84202775028726,247.92854652767204
247.95784249615707,247.83968729079916,247.98242388317018
247.91685838134921,247.86798727388637,247.88029296297665
247.73815188715176,247.9359036103438,247.9564438886148
247.86533684737154,247.7697252068954,247.90190241994944
247.97457714802601,247.96968751060416,247.997560607954
247.91786788474775,248.01559727666407,247.96858537072768
247.9326279497045,247.88334614817043,247.99820335583786
247.912962484457,247.9424031319028,247.9779260639864
247.9009264273385,247.96891395345662,247.97470122601317
247.9881191888138,247.94659702167863,247.99178920204596
247.95120961424948,247.88651712640143,247.9962957505087
247.94804961762958,247.95015756069552,247.95726113693755
247.9364083786942,247.94388567104875,248.00109125774296
247.9934140857065,247.86140278887905,248.0170405709598
247.8369380603239,247.88990033309236,247.95269121221241
247.9342108718721,247.9413545133688,247.9881510759841
247.92453195844857,248.02379740540255,247.99122519720964
247.95142037842976,247.91019390273698,247.9530472054177
248.02552045955983,247.791625872104,247.97752969894378
247.85783008562595,247.91760422366525,247.91858191377676
247.80727749208526,247.874951765312,247.95176557937
247.95224676568074,247.887475460659,247.9410217105934
247.94390448761845,247.86142137043146,247.97753971642894
247.8791251539824,247.91533017971383,247.97628304489876
247.99768204020296,247.99161386667882,247.94612501817383
247.87751944924236,247.89089876897353,247.91907666839995
247.98218910438862,247.9722445401456,247.97372885524499
247.9326934845207,247.82641656359797,247.94185343255074
247.9297170151863,247.87191052001364,247.96552227161007
247.90907036285077,247.9201185333938,247.97312926625233
247.880842333401,247.84726531033752,247.9309042210309
247.8700210574841,247.93098697710707,247.96420146093692
247.97118564590767,247.86704828730277,247.93697358526742
247.90875254565617,247.94350662078534,247.9450470619145
247.7640254404151,247.86840016193437,247.80143399132584
247.87969204645887,247.85301655408207,247.90212727949233
247.87321009307527,247.80966090236467,247.82312993521222
247.91724364266153,247.86447509908902,247.90859651378534
247.8555099319914,247.8046613953766,247.87131611077433
247.937627312474,247.83521145721605,247.88794284506437
247.72266624738492,247.79586667570425,247.8187622795709
247.694180334415,247.69666362036807,247.8022171237807
247.72618294391077,247.64239501237455,247.8032002982881
247.3556571561639,247.4131647649159,247.45801292719844
247.3146653119818,247.5365260258303,247.4947423747884
247.50267317467802,247.5285080004932,247.5663962431353
247.4311001651816,247.3624259744916,247.5447344344007
247.45394398204536,247.3672448372279,247.4900043323903
247.47278839643587,247.43878691904854,247.48319162999954
247.39562447253232,247.35983369444878,247.4871073856242
247.51633708745842,247.35900287450062,247.50783678367097
247.44374829437055,247.4554404567675,247.52508254669803
247.39286139893326,247.39890335538783,247.40238906705508
247.33987276096616,247.41693753758472,247.5070646367676
247.42566695452595,247.31954390849728,247.47112728222967
247.41696762110982,247.42795485067973,247.45100621891655
247.43434010406398,247.35532650240768,247.51827859586743
247.49652602342582,247.453832225739,247.4936692313734
247.448929506531,247.43985517578878,247.54357447529463
247.3116957229118,247.3965678306626,247.46920555917035
247.4248107281796,247.3405700728887,247.51770054473042
247.32552176946433,247.52971146953706,247.49411274938262
247.4189517268701,247.44678589821925,247.4759096717838
247.44330249712675,247.48503947531208,247.53621329649675
247.34303152644648,247.37585336706516,247.40778433381993
247.45573927891303,247.4399863402338,247.43046794855502
247.33454737786,247.5022443833399,247.48975217065285
247.36464198517444,247.40522375331872,247.38959275856888
247.48200930264443,247.3421681341017,247.5898923288092
247.47336918695194,247.5875133677822,247.50072078445316
247.36931823121017,247.5890795208166,247.46366645140264
247.42429448020243,247.4553945734339,247.57882895688766
247.42892996151147,247.50387296336348,247.51506437490644
247.3991886453272,247.37215476245447,247.65460240536368
247.43858403603437,247.59687432679246,247.66718345123846
247.4667803646241,247.63980109393225,247.71823106802455
247.43476897158433,247.58478031150503,247.60145889897046
247.4326162382037,247.62040867269312,247.7580999807482
247.5180662632076,247.7727381632174,247.7127176571493
247.5545568927988,247.7506288287204,247.77773774497777
247.5016092192207,247.57344713222696,247.69455242897106
247.52203401486167,247.63602601908383,247.64420655544177
247.70512871601,247.8867371813017,247.98434248897874
247.83847112446813,248.0086260321526,248.01139820289555
247.5706931884652,247.75832100297552,247.76800279388186
247.79509910906773,248.03292576886014,248.06886346706577
247.26110285636125,247.30361301748695,247.42867805256932
247.46452398370155,247.5858877102241,247.76621791242863
247.23412637903164,247.15604187432226,247.32830487193206
247.1574443597316,247.21293171556994,247.22636031231795
247.32981764581422,247.4901411708951,247.58492943676256
247.6922584055478,247.7764201907389,247.88741561631062
247.89545854487542,248.31324159728177,248.23087033057968
247.62469092995914,247.76381436111365,247.78303359614338
247.26151206767943,247.29003423204688,247.36570596473308
247.2705386641523,247.30282530671712,247.32963499659925
247.61524012620433,247.6072573962019,247.8055597667989
248.06748749292706,248.38252776821383,248.34773545268766
248.33826552636341,248.67294950838718,248.46611166963
248.19223501640477,248.50406702175076,248.5208375633979
248.08847055457946,248.37265933053845,248.4340486758574
248.00470014195437,248.20631779917127,248.26798111338599
247.14297775029493,247.03522245471106,247.1256617715966
247.3544407291294,247.6695351675241,247.62696648565458
248.070229136636,248.35150327624257,248.43133546288587
248.06742624082597,248.32475937314285,248.33838658406665
248.16791084798922,248.51553034096722,248.37194003064647
248.14430915760389,248.42713283998668,248.50031017402085
247.35637686897664,247.3255813472791,247.47568542200108
247.7258758011642,247.97672644273845,247.95505634190508
248.23476591979252,248.52460832034402,248.4965970241052
247.95311121911874,248.36017999466162,248.41956689488862
248.15245655208986,248.31545679799035,248.43052874514544
248.24061823226307,248.46893985307238,248.6156719896073
248.29707586137752,248.49014594717983,248.4706348094749
248.27206905857446,248.8404577959463,248.57193357622063
248.26489804104204,248.4299957860148,248.71217905810872
248.02352681482648,248.2762297793083,248.30917569449088
248.27207261046695,248.63382884394036,248.51261300999454
248.3327832481954,248.63308735283184,248.80729960339886
247.26952155023557,247.45732401639523,247.58822907715
247.26507475653798,247.3014748840544,247.32325069107932
248.28471706285754,248.48397796350946,248.60553119616833
247.99741069507735,248.002234175051,248.36803106001904
247.52391523268415,247.48596664882572,247.60964254752574
247.2779928623762,247.4360948019349,247.5200853223105
248.34742984869388,248.8132550401505,248.71647716190407
248.25775990030618,248.80497558254444,248.69250244692287
247.5940232793606,247.85314266926073,247.83741965482218
247.3254369092185,247.61593944163073,247.68646358567437
248.06886991720415,248.36087786252418,248.31742973839783
248.39382805184732,248.84089841941406,248.72842884290262
248.42208023136277,248.9201292363072,248.8495682129733
247.55475116934832,247.9954556108871,248.03014926292155
247.98594432050956,248.40707822763991,248.36012747263064
247.53742991665058,247.7308205005064,247.7969245016198
247.40105498232546,247.59054012429675,247.67519350440554
247.10140299615972,247.2130092238371,247.33840382446814
247.77569481926977,248.12120802493402,248.05721413370907
247.2395347179994,247.43856794825757,247.42195641994897
247.43402222791497,247.70932432991125,247.66680612471956
248.41856906248773,248.82737108535682,248.76309867492915
248.1722411711757,248.48247472874166,248.4503097903018
248.03490641885435,248.5468395382742,248.5680849257012
248.14437558985097,248.4831038312142,248.49558907048433
247.71377443420133,247.9160094566081,247.88809038410912
248.2305159309441,248.76661721972803,248.5694547435224
248.0482461414775,248.44641879688538,248.5442513190319
248.27822288929517,248.6188625331553,248.57798601609284
248.20917578969713,248.65020676284266,248.463748647479
248.0964787858468,248.41169198075394,248.3512990884231
247.55762863834687,247.68558970046857,247.83585542691455
248.21083501788905,248.52480504849098,248.41119712303055
248.09385169279014,248.5777734425934,248.46406954899325
248.08890210227068,248.41886474584723,248.4535160045831
248.00165079946203,248.38189341398834,248.2579186536093
247.86939166202782,248.36315482184546,248.29657368523016
248.03913639266722,248.42076382639266,248.2761729982185
248.08946723863727,248.4083786351877,248.3345623742523
247.9788650561861,248.4982296339912,248.35359199673218
247.82054111003046,248.13251913877335,248.10207497721143
247.90775799236056,248.1284489448977,248.15343633944042
247.91016015505934,248.13101549941157,248.13986997372248
247.26347633339878,247.3691712474142,247.4167389015328
247.6130110737326,247.79100182646525,247.7684188959155
247.87434645177657,248.090543234175,248.10104944121812
247.93959211140185,248.18274809318962,248.21768704818842
247.21792064075,247.38816322421613,247.52882246308786
247.10977122931286,247.20666710930954,247.22757099848104
247.819440176488,247.96768068524145,248.05581626974933
247.70969013853477,247.7263609675281,247.92789434900786
247.26848544145355,247.29778355176603,247.4550694201417
247.94278765632134,248.2568187785423,248.24620625193
247.7211202337707,247.86830980238148,247.92191637519008
247.750807276503,247.92335139842228,247.95450181470977
247.5377736837355,247.92166078437856,247.88601744731082
247.67171071747407,247.72819339738172,247.76047187836903
247.51138278947332,247.78495390500444,247.77350044898387
247.5759191615692,247.76299722736564,247.84760001842795
247.52767766857977,247.72605762905346,247.73290794328722
247.4249642864391,247.68860759984042,247.69513690766226
247.46770476009084,247.71026534388142,247.60113010598445
247.45557069134733,247.62549741256188,247.62211281827408
247.3842332218212,247.48202626656476,247.43039732186662
247.3033920825663,247.5123786740112,247.49432262766368
247.33122013023083,247.38178436275257,247.39843330010677
247.20787958784604,247.33750071319497,247.41218617859298
247.3115161421881,247.41066219490887,247.4507579408114
247.2668976665769,247.41749689484527,247.37089792334484
247.1691943303572,247.29692767970315,247.35972685372764
247.2005974841045,247.080090135965,247.1692755881541
247.20110289729107,247.19802706119293,247.24446786721754
246.9740853023866,247.01413143336563,247.07967540036623
247.2291976757404,247.03895852787585,247.16866506953994
246.88378495933318,246.9843279415423,247.10728093892294
246.9319105222934,247.06297906196116,247.15665819596455
246.81947140876707,246.83043800822995,247.01466472021187
246.78839742441008,246.72039328952238,247.05063794499858
246.57082659348373,246.79919966284774,247.04559240807004
246.73704017902253,246.75252798288923,246.82853447185562
246.78668988792361,246.77343854996434,246.94779375916428
246.81465948729712,246.6455854819669,246.6400223926079
246.72186170942337,246.55527826925774,246.7825488653342
246.57608224135112,246.50652170224757,246.67200795058523
246.5064995148839,246.49987464539396,246.7181859981673
246.5718349045245,246.66876880428222,246.79121305977435
246.52002389462965,246.56164817234,246.66534351797316
246.5145994002029,246.43955785163604,246.55244445283185
246.68799125105926,246.68971047168665,246.85068642612492
246.49255482477196,246.4267873956261,246.7504178204482
246.59687317876214,246.71039818646628,246.85931176424057
246.4551197480338,246.4628300713049,246.73674957751743
246.55150713846328,246.23024189908634,246.58947927711995
246.5921891218117,246.56224646106233,246.67357705404086
246.70024082124226,246.61069768319535,246.77258397791442
246.36594885995171,246.47613104165433,246.60927923797394
246.5657927899957,246.59207105418332,246.71682828977214
246.59880770051717,246.54931344344513,246.64874007288773
246.55841508014115,246.45250381730472,246.60893427884398
246.56073626107636,246.56953274255832,246.70263350586768
246.53069857673884,246.57773006104497,246.5748917194265
246.52581698600568,246.49067271927228,246.6544336680791
246.5001494487788,246.4696511395698,246.76935968674857
246.47927831393795,246.46982954946384,246.63842725125275
246.45272464429925,246.5000690683356,246.59865446329627
246.737959230321,246.5165274111488,246.69530556935086
246.49223527775808,246.56491375175193,246.74776920673185
246.81575293179193,246.90628261634265,246.8498465081841
246.6244127049664,246.52537368693345,246.86437383897427
246.66079176836706,246.7276664684487,246.82700987130147
246.596293392923,246.8372032941163,246.73477234591502
246.80230004970934,246.6565747982534,246.80229188693522
246.61750610119296,246.48938779732146,246.81876518954866
246.64483595253114,246.69870296440007,246.78064890942488
246.76245416874397,246.7313865542145,246.6790348934617
246.5490106757375,246.55508525027835,246.67004220004264
246.63460259294072,246.63250836838043,246.8166486520048
246.67438267587428,246.79725804495976,246.74507525674295
246.67745448911901,246.52506690704794,246.8325753461441
246.57528777940215,246.62835900548117,246.77294088686983
246.6525110338383,246.68152123352542,246.83807564990963
246.71262214450854,246.615929320449,246.79930942132407
246.6601605832007,246.5988486571514,246.8544891997888
246.7187631633971,246.58238247950214,246.93570341368556
246.86083029233745,246.67819147712365,246.8991932175935
246.8297684524568,246.87094786308742,246.92279066177048
246.97576618795526,246.80942636547564,247.05887712628117
246.89127447514684,246.88287190281673,246.96317981261188
246.9759541622882,246.7170162363005,246.96135407951843
246.78089704024805,246.87301736614262,246.96390774958982
247.14378956290722,247.16912862258997,247.2943216459168
247.23502754627873,247.0399318286497,247.19422999722664
247.0486550905002,247.04812375293622,247.1798476758718
247.15413969969106,247.03025086977263,247.0897393740165
247.03882400601648,246.96795576286257,247.09111083022336
247.10341947305594,246.9799955192104,247.11137517133886
247.40876089122293,247.36378368153575,247.4032028820166
247.4187487291762,247.32191158154586,247.47466333899848
247.47021880998508,247.25790612942362,247.41839021803662
247.2886907169479,247.18188354123524,247.43568712183244
247.37062286699432,247.24776270102367,247.43890824653448
247.29939914055353,247.21877249961622,247.4242272307189
247.5907549776445,247.58407442004057,247.52748481221724
247.54481779397224,247.5004168560087,247.4328005605678
247.53306268347995,247.54594693927106,247.54610140071406
247.60740056958227,247.54658093419232,247.55099089127802
247.61412976589088,247.57793036649662,247.64158542510384
247.584129165748,247.52372782145062,247.42690174382682
247.64346506429462,247.67593059738857,247.66032016231537
247.67364846457147,247.62377372759164,247.60221446948276
247.7094388190906,247.6786408937847,247.69791407112234
247.68644511139027,247.67849459686747,247.65165120882423
247.61010421858268,247.622257639134,247.69278649054309
247.71230687851303,247.65435020294663,247.6623556913804
247.75298689421848,247.71697405509076,247.73755182158212
247.75465249216157,247.72837854114087,247.7628080248817
247.7956547518016,247.7617738782896,247.8226744118461
247.66979120455937,247.69604283547295,247.732112389851
247.8053092937356,247.72761694177828,247.723585470722
247.78485229122126,247.71088028711654,247.63498932977348
247.8261599391931,247.86772782181438,247.9180654975045
247.87709885446898,247.85662304474272,247.8419015586309
247.85579124634125,247.85075989173723,247.80169828013237
247.83083166229653,247.855215542985,247.90460728972312
247.89363306901967,247.8207687578055,247.87338738284058
247.9009180589193,247.87244167057204,247.83517987885136
247.94312002463965,247.96773183340534,247.94889128980307
247.88968205485878,247.86248140683583,247.87448764245758
247.94376711408387,247.9361599303766,247.96860173674318
247.96155382160293,247.91982051220015,247.9279331041536
247.9456314986956,247.93893549417666,247.94432150756757
247.87910082801534,247.89499251290974,247.86041203896497
247.96105387233786,247.98135354519357,248.023483814572
247.95659074546305,247.94735923179184,248.01903145257742
247.94390902440585,247.93660354793883,248.00065767183418
247.96869519403475,247.9194265326858,247.91777430297145
247.9554013574356,247.96916365533156,248.01784153996087
247.9670034451748,247.9519028193314,248.00193388651792
247.97477330181806,247.938837536708,247.99874670751308
247.99246395095398,247.9484033596346,247.97733416243486
247.9240479101399,247.97356223147258,248.01857642392994
247.9784139205384,247.9553454685307,247.96918002987272
247.89258123991425,247.8932456054867,247.9732766661323
248.0033290546057,247.97448885476277,247.9450860601782
247.96433596839077,247.9896203416919,247.97687803586217
247.96154799536575,247.9048439265437,247.96869209912936
247.9874100175004,247.91526196453384,247.97319895987968
247.93692304955744,247.92720385786527,247.90914965578008
247.96050354799124,247.88883023987208,247.95583253149766
247.96120904134693,247.84451948499702,247.95059526479267
247.97620539839087,247.9613470274887,247.96585233129153
247.93982585569566,247.9365431271175,247.95610874120555
247.9542157895444,247.9428601448,247.99836970948738
247.95755513182968,247.92530812545172,247.89367140047491
247.99245220633512,247.95247422641373,247.92066409721963
247.92819781386194,247.87327720638137,247.89963925732806
247.98779982401118,247.96641157920746,247.98191393618515
247.96835808149484,247.89917315979687,247.9709512283169
247.94768153247279,247.94728123807266,247.96344171083842
247.97901535634614,247.93928755921726,247.93473519998446
247.94887994406258,247.84853221567948,247.9029738212734
247.9639044244533,247.9326844731306,247.97943256895442
247.8697734296701,247.8554561511959,247.89567429198948
247.91112288533913,247.87186177023153,247.900558212632
247.84114728315626,247.84384286653983,247.90749021620982
247.90863895033425,247.88892110604047,247.93660666599524
247.89040840996606,247.8659597334499,247.92394611975092
247.91617749386322,247.88898526602395,247.93437906728377
247.83019153731803,247.80537809939432,247.84218946277093
247.78062528700514,247.80661391486439,247.79917540575477
247.82883544950627,247.7471596925616,247.8484871255748
247.46607989166813,247.44702364900752,247.4712520629825
247.5357070998016,247.4962515685925,247.5612118815842
247.52273155892485,247.48176039710904,247.58093175110778
247.47319599859975,247.4244423932875,247.43182041700018
247.52626122680576,247.48037688373228,247.50337481393643
247.4578671873871,247.4616448491114,247.52780484953024
247.50947558549947,247.48255122626665,247.4868012593002
247.49913833791976,247.4544479193662,247.5083468014594
247.48887980799338,247.4735795845709,247.55095477443408
247.41693547745894,247.35178706547325,247.47012581480746
247.44056727356275,247.41529087231456,247.44048910717066
247.43989257630085,247.36831087257522,247.46691077568192
247.4207449953366,247.3969278018446,247.50106734657166
247.400414707388,247.4799611630176,247.54508695507968
247.4583960287065,247.45986857037607,247.51226080181286
247.5210076329678,247.51892670398533,247.5200418236419
247.42510507974208,247.471494583703,247.515438505473
247.45751535740808,247.4510489176135,247.53214793314535
247.44851376934304,247.4691663282795,247.5297605189519
247.48941213774722,247.51837690300692,247.60798729397834
247.46578666177297,247.51468157817726,247.58974614356623
247.3462142867679,247.45078250199552,247.44997798129882
247.40958892776274,247.51986045559048,247.54704314343402
247.35995733568214,247.53459533822527,247.59490281632606
247.41454065863184,247.44769114399716,247.46798967948774
247.49280317432238,247.4890809456876,247.57738920570492
247.4905770512276,247.51835332075976,247.56384931162248
247.4227675091734,247.49144879501486,247.5412775234105
247.39525924570412,247.58156855180803,247.5603384629839
247.54991533680746,247.5433580026482,247.57565308921247
247.56225559366953,247.64245742759886,247.6444878805446
247.4664484288333,247.64545687018736,247.5919259693334
247.562248326962,247.66229580069194,247.67701593410652
247.53959308139065,247.60281212900142,247.60202966679174
247.4503182236045,247.6165272534895,247.6255230117865
247.58921159348463,247.74369104482292,247.633464498475
247.60524055091457,247.82005404657056,247.6940704691026
247.48949248276983,247.60626341611484,247.6530492651416
247.52148774693907,247.55597983015357,247.63390515026347
247.8073540231622,247.89947640888172,247.9112181414042
247.83331625662848,248.03388651375442,248.07732534819345
247.59833373004466,247.69549501196303,247.71800701956172
247.9797342338687,248.13644193782176,248.10170699474517
247.29450032547243,247.34339826148076,247.3405344104604
247.56780197065015,247.6909372039835,247.6682953387156
247.15932186834561,247.264393840098,247.28702881069174
247.2331748130234,247.19399500557665,247.1052889293146
247.33131035461102,247.45958834202358,247.53092506394762
247.71401814098837,247.87516852506923,247.7964327895944
248.06205222031605,248.29180406098774,248.25170473352338
247.6480897604282,247.8252541767575,247.8298583426159
247.30694345971995,247.33213507154008,247.38005084259507
247.27369432911743,247.3079155210148,247.24001532974012
247.49244949764937,247.7094744112048,247.7190759499827
248.11359045867172,248.41410049227918,248.26174635250877
248.1588438208193,248.64140231813488,248.48430672655266
248.15548680266195,248.54210381547537,248.45672434915423
248.16270972585426,248.50737700115099,248.42064613977155
248.08070796569854,248.3358987534635,248.316623406495
247.055114798115,247.10516099831588,247.10311297951924
247.4701821676058,247.61483342087124,247.6220770237142
248.10767292019568,248.3874851902978,248.4059040331891
248.13670210389006,248.43618796971995,248.43151681730686
248.18366653618386,248.53883617855035,248.2301591838261
248.16182563957324,248.53533545402112,248.41854141799396
247.26639718259284,247.39264797855077,247.45240654375073
247.73572235510164,247.9408695645694,247.94208456741381
248.23476911694632,248.58553233872001,248.37546887184092
248.14330127862618,248.4636469389511,248.40971050590394
248.15024456609973,248.4261104708349,248.36385527264903
248.32172413731433,248.63343601290038,248.57696987162112
248.25984401970726,248.5935190546845,248.51080409733913
248.3519926266937,248.73842452697886,248.64849899062042
248.382713213345,248.7804374019466,248.73981837797552
248.05283844124222,248.37115797087236,248.32184532640278
248.26120049469563,248.6530969968616,248.57872699726403
248.4422935443851,248.82483930226826,248.75304046760508
247.36322461817062,247.5629673843931,247.55045600756995
247.28507977145063,247.29928696044533,247.3129821995904
248.36037287285075,248.656240070797,248.70013412544077
248.04876094949455,248.32083266351987,248.38428916587736
247.420989768737,247.5647899130536,247.63451162763707
247.50018847963818,247.43721120050623,247.63753414969747
248.345225023564,248.85159922039503,248.77014960930876
248.3267134802071,248.65950917293475,248.70703939132147
247.62476389114457,247.75589861004687,247.83801516048177
247.55574922416395,247.58277786060128,247.63172352726454
247.99930797068,248.35053736071748,248.26600940579993
248.4099948292103,248.90351130231215,248.7016124656578
248.49791431344232,248.98097535537076,248.759694675495
247.69333980936122,248.0263413212914,247.84127927506776
248.11226418227642,248.3909505322913,248.36190740872033
247.61063205044212,247.88566457926393,247.77134504724316
247.44432762269045,247.5871654786016,247.69377324391067
247.22911862272338,247.2849162782316,247.3248347834496
247.85676325377204,248.05453491541357,248.04288714337724
247.29739969812255,247.42445321168475,247.4026298306725
247.50994337840837,247.69750351875027,247.6410937323229
248.42480816312764,248.76973901735036,248.54933557520874
248.12801764869914,248.5009339677509,248.43480524351298
248.20018272538934,248.615068664602,248.52394109039886
248.30358366995765,248.63841189286208,248.46918919325802
247.69559550797916,247.97752252580364,247.93161067457007
248.34582358415074,248.78971396167714,248.64357867631983
248.3366325000221,248.70056440234103,248.58730519651883
248.28809744047646,248.74658438110836,248.60479768728175
248.27367133334948,248.67175427173166,248.6747026521736
248.03026456865064,248.4225725448288,248.37900989206221
247.6674039647423,247.83259558662454,247.83872091044523
248.2725675272402,248.6244772728004,248.51340068932876
248.18006814533317,248.51036471318633,248.48109694012447
248.15670858625762,248.41652930053806,248.37265921845477
248.10452578982606,248.4098940601505,248.32470223471947
248.09761988329967,248.3632957335267,248.27065592617885
248.04896009542725,248.4041503413093,248.3303082003137
248.22170985118674,248.4727552992581,248.4487057826781
248.1127194167438,248.45223821878994,248.36991324772816
247.85563649958235,248.108469944316,248.04746853496567
247.88602370544214,248.17699332515053,248.10757931579403
247.90393828703682,248.133607964375,248.174530484316
247.27196945224483,247.42167060805932,247.4553484196331
247.5852438971203,247.82498977676858,247.7485405611287
247.798126018966,248.07600355444265,248.03214456811833
247.97570468949104,248.28139709987067,248.22018498003757
247.35968479701742,247.419457754164,247.48113990799155
247.18307433775075,247.2325697178588,247.29535238836093
247.86868765000798,248.11760027708365,248.05723500975319
247.75967170047934,247.9837084399963,247.91288360863626
247.36160167637348,247.388052972605,247.33937771672382
247.94383013747316,248.2792860273214,248.23588804515043
247.71420480362391,247.94888260520162,247.86634972390718
247.76243834220614,247.9751390140986,247.99756764363752
247.7039232135826,247.9169437790187,247.90546450580547
247.6653140194965,247.91014309010492,247.8922979927139
247.61772385269344,247.82003509804122,247.79086017031491
247.65015653407198,247.87058545142582,247.82791477928126
247.58046917943557,247.67543533857574,247.7155419385279
247.54575604230973,247.74434125690794,247.6596473711016
247.48288059332378,247.62835193282532,247.73065924143123
247.55433775571686,247.61572084992773,247.72185458214946
247.4509003579983,247.50143641081092,247.59090428468008
247.43686233656913,247.48992930596793,247.58292354302077
247.26154267910303,247.4080307180322,247.37702879768818
247.31182735816526,247.38669717168946,247.40237570529058
247.29164037449803,247.38061468594375,247.44971798223764
247.30305723050793,247.36593583314428,247.44745939137812
247.29651061632822,247.3648668094908,247.50384123459156
247.05228343564264,247.1059862885656,247.22977053799036
247.24778451969567,247.1895030509813,247.32435216331433
247.03832030460816,247.087839854558,247.20340747706538
247.13447238382184,247.17303153440488,247.29021207894752
247.10334785607554,247.1049344492975,247.23235145183338
247.106888388316,247.0789161230966,247.12905222340012
246.92746458248354,246.8489210967993,246.90235777210037
246.85736617681408,246.83487220463132,246.9250462006202
246.89174041630793,246.95981796973967,247.03487458118977
246.91305991897238,246.82385979595864,246.85147473717106
246.8316774138546,246.72669592404702,246.88428553152823
246.8039072322018,246.7355346232252,246.67063449227953
246.66102856376753,246.71996996891096,246.78035051988616
246.66047086004303,246.73073564944065,246.77399850143513
246.71249679088112,246.6548022499639,246.73563793744233
246.55780114417337,246.6291660250662,246.6933679658896
246.65441966185062,246.55932682239145,246.70664957890395
246.59319951716907,246.45813786285848,246.70522356112818
246.85232497230746,246.7763747403054,246.90324834330644
246.55276583012198,246.6196181803916,246.71666198141796
246.7748748704269,246.7692635324755,246.67289402315552
246.71296811595522,246.62469747864068,246.9014380874397
246.6353289650556,246.5394620769565,246.7156900793936
246.57291385959695,246.64223632951266,246.8194366424987
246.61043182760426,246.63893101276676,246.84110088888036
246.5435446366649,246.54075253540586,246.60300560218857
246.54562830528775,246.54556801497634,246.60165484763579
246.64112543751992,246.53081752197608,246.71233283346626
246.61782069974478,246.57070314524427,246.74438787840347
246.53326670272162,246.59145737424043,246.55715183751633
246.64624646543876,246.6506322443353,246.74697398947822
246.55116021048588,246.5289680647545,246.6771703369457
246.68693185269336,246.58448394683708,246.66183052174674
246.533947559151,246.59609561055743,246.67923535914386
246.55182464577993,246.49369599500108,246.5846937747283
246.67289929400346,246.66784569028584,246.76186109947713
246.7115873528128,246.65877334474902,246.72635631214837
246.7128192551852,246.830165327513,246.79566430710614
246.76943924320148,246.74099879737585,246.83803126457934
246.85346727661647,246.79466022505886,246.81428371036404
246.70166020720674,246.7463767829653,246.83727239428316
246.7795666071993,246.77855205261122,246.76015304704597
246.79063372750747,246.71935710469944,246.75976083865885
246.72323012131358,246.74360622515204,246.69974714425723
246.68055912093826,246.69649038597788,246.72688271746958
246.64677460962713,246.66204211928402,246.85989151896288
246.60374988862546,246.75408849259307,246.72804096580282
246.7005351254378,246.76964746936378,246.89225440212292
246.83528866894392,246.69039531350776,246.6599828469873
246.6837163207751,246.76219678471858,246.75089082804186
246.76330832803725,246.71801369021415,246.8684608584994
246.65198198140942,246.6255952053676,246.78300921330023
246.9206988697802,246.7930565258754,246.83551622950463
246.81738855955558,246.7200796620459,246.88612250155722
246.95107596571913,246.8210508937668,246.92757365820432
246.92469852876854,246.90093440315732,247.04482362982623
246.9909662520491,246.88156499225136,247.01784093296234
246.9799030708214,246.79663115264793,247.01850329811555
246.94803113236443,246.84606449117308,247.0081558624633
246.85564278169258,246.87172863967464,246.87951491445068
247.1603282636738,247.17824111852198,247.2445304142794
247.1746488814111,247.1792287738834,247.1966028568518
247.0869154694422,247.01673890755885,247.07351173500422
247.145580805227,247.06851431211865,247.0571554754727
247.0465881701296,247.00072802041856,247.09694395274894
247.14490962794582,247.01780270992657,247.20135145584146
247.43571749099394,247.27669790740538,247.37352137490862
247.3731834253009,247.38435498982994,247.3079149783211
247.3857037741716,247.35859036672352,247.44529689141797
247.34803418320087,247.31684907540262,247.43126058877874
247.33720712252338,247.33376942334593,247.3288543409077
247.41114353923842,247.40719562479833,247.45864145335526
247.54999150365555,247.5731654792001,247.55760885983395
247.56584782453078,247.38552537918724,247.5237716183134
247.54969929193493,247.45612616082542,247.55826147287544
247.5820430388797,247.5328355977616,247.6066009779112
247.6046448695444,247.49079171733607,247.65020131822925
247.53833968361835,247.55027836134084,247.534270388238
247.66460307354828,247.61998004713902,247.69094765833862
247.62630305136554,247.61376871040602,247.64725464200373
247.67416730301616,247.71604804673598,247.70805088997463
247.70026133176222,247.62431420324916,247.7364123523253
247.65482182729147,247.67586751585893,247.66941715719213
247.66975161208865,247.6333425710146,247.6738314829774
247.77626523294188,247.66507574162773,247.76629552588312
247.76337972707486,247.78121941401764,247.79667309630503
247.75150025856001,247.73804433946378,247.82571944991832
247.71288293886747,247.70793444538882,247.74432206992853
247.76308738932516,247.75906943514548,247.7932616743288
247.79739559407759,247.70473417311166,247.79406528061222
247.83521073592016,247.84075877234332,247.93789650967264
247.84191033794232,247.8267930928973,247.92272053889712
247.86689193492657,247.83995735661054,247.84664497446437
247.8460036887874,247.80726368043605,247.9095710558664
247.89142127293047,247.81248086042615,247.82661872983263
247.876725470083,247.85038954601245,247.85602658371943
247.97463387856595,247.90278437289854,248.02331247741873
247.7769237405093,247.80715931954686,247.90880798890046
247.9425468999491,247.84436405608463,247.94961058952683
247.876244100831,247.87454518682108,247.93270905558654
247.9580564783625,247.89651380143104,247.95046025269625
247.86197319454146,247.8433682998316,247.88435583184065
247.95944038667702,247.95924120395347,248.0251095119852
248.00173452134376,247.99317246380846,248.02851515978892
247.96476652827286,247.93052943472773,247.92966061657106
247.92608852003212,247.8949780751689,247.94629955781073
248.01803589525966,247.9300778450071,248.00648732441638
247.95678910746634,247.9690574580159,248.03867708151256
247.96007863792707,247.94386055579776,248.00682429112308
247.96000349719262,247.98089085592972,248.0170246893774
247.96448399462673,248.0048703136663,248.01458526943713
247.9632047020522,247.93903911913105,247.97260098311105
247.89327049235484,247.8561720197454,247.95153841515847
247.96786906937504,247.93048538344325,247.95589443513296
248.05364999345426,247.96870797133633,248.0132341245306
247.9506024424532,247.9872234669226,247.96799762570132
247.95841215783864,247.93987247612594,247.96781809746966
247.9295031086863,247.86803497535362,247.9302756736703
247.99494386925147,247.91072163805546,247.95085120203595
247.9635396745684,247.87962607725464,247.91604453231588
247.98748522675893,247.9495643141707,248.01822492640866
247.91350645747434,247.85962079281222,248.00634350387202
247.96564386235562,247.94428014903116,247.97734381211083
247.89572968076524,247.90452090976882,247.92011450781357
247.96610483822346,247.9576875946476,247.9682895164701
247.97159482999984,247.87210634410013,247.95470634996843
248.01225819891116,247.95729780565213,247.96401347821867
247.88314481962544,247.9634499289123,248.00705559152047
247.97793499672855,247.94071055562733,247.94106983077006
247.9341056231524,247.9462192630156,247.99065350738445
247.9744290616069,247.9343139955122,247.97920041304664
247.93379298866137,247.92351998384368,247.99799118447382
247.807507148757,247.85941038636514,247.86603441276316
247.8646423770326,247.92315504610463,247.8692294631299
247.91740096725295,247.86230414443324,247.8213376160514
247.95210692301694,247.93857626560575,247.92829895048706
247.82969318173767,247.8056013988555,247.83832801919942
247.89820815246856,247.90256392882765,247.89402269218348
247.79932137030465,247.7828755975051,247.8270132674305
247.71451665742197,247.76472433647868,247.7389838976068
247.71618551959926,247.7303560815029,247.75860500246554
247.45571144211752,247.43176166614788,247.4556423626741
247.49238385283007,247.50792712647882,247.5432466529145
247.49779683073052,247.42529174768413,247.5089787154347
247.4500933380316,247.42882636771807,247.51846710538038
247.4906682485819,247.40320162546328,247.49442076506557
247.44633675080982,247.4719479831841,247.51169001568815
247.5042133169672,247.47376816004208,247.51941777257912
247.4894185714518,247.44724647881932,247.51391204356122
247.4617111864434,247.4376097891362,247.56250174334653
247.37084109054487,247.37807215551857,247.4344461206123
247.41844633653673,247.3770899524731,247.50023409810797
247.44004808596742,247.3824893012176,247.47493038697564
247.4220397995794,247.42668817050938,247.4799203954224
247.3689539354683,247.49178019725588,247.48076411735028
247.4473770193277,247.44755166427294,247.45092314525198
247.4839300734868,247.44889988904217,247.54849857589448
247.39420064573474,247.4421535601546,247.46806406970472
247.429013411138,247.41915681543674,247.5218204407153
247.46768477676127,247.49416273245293,247.5377697814763
247.45324424003329,247.51157519197622,247.56841751012354
247.434023235874,247.44658924040516,247.60445250948993
247.30742196936927,247.412549018908,247.5066116145512
247.39458737532377,247.37848304509973,247.453088731726
247.4243332642115,247.50509009677478,247.51485644018877
247.41650046231604,247.45022355859706,247.49593110505995
247.45733772142,247.56689519163874,247.58244147082675
247.5338182191638,247.57547951234446,247.61405705295448
247.27590580017946,247.45189970416322,247.56568725759743
247.41400196834948,247.49430876399003,247.59933795081145
247.45001966949434,247.59172957348005,247.58205056525978
247.3538296028211,247.5668862249335,247.65018086554048
247.4292356295652,247.60443480689642,247.62096500388063
247.4821136030553,247.6082184016421,247.701620581101
247.4371211959372,247.55486359848462,247.61296042003784
247.5455065679939,247.61770659820135,247.7079274394137
247.63692821257962,247.52794074925615,247.69080726434763
247.46270866070859,247.73466347794317,247.74822982235204
247.45159234344885,247.59181533969266,247.65283318782357
247.4113395450018,247.61549091859422,247.6353651529766
247.69418266022222,247.90379348878847,247.876768218815
247.83805670342062,248.0572524550031,248.036517439972
247.51594043277672,247.74538041801486,247.74519011868622
247.69645576629367,248.0091792809418,248.06428703407218
247.2967688625514,247.26361125179503,247.34147559391187
247.46817214283584,247.72794981387818,247.72154942838688
247.26600292509656,247.28021337546247,247.299684401136
247.16850061080083,247.18898505082805,247.2105682182423
247.36167533820733,247.44757254217635,247.53080541627403
247.63795513211863,247.8650508821268,247.81723928639707
247.98148243780935,248.2292712984374,248.33294846109783
247.63377632926355,247.7574167546918,247.78921961080704
247.2545784987194,247.25063926706656,247.36399063361205
247.21158854590362,247.30459912288836,247.36927444796723
247.5846558009197,247.61082120030494,247.71920080357648
248.20394407653714,248.45588183570052,248.40908560012835
248.31908649258486,248.46807542098085,248.60970861429868
248.20995345456095,248.51322500880346,248.58614258695076
248.20667583266516,248.51314093414393,248.46279081292113
248.03725007627446,248.28909581275704,248.2915561439034
247.07756173831928,247.09435644302022,247.19780003133837
247.4356627248347,247.60032590746124,247.65517864946582
248.07053311464088,248.40447209285324,248.42350123854334
248.18948239297873,248.39925456101847,248.3650903881121
248.0563461637431,248.527138920897,248.43203925581975
248.1732938992588,248.50471736071697,248.5072840830753
247.25764278392876,247.33132058742018,247.4982816925243
247.71345174999087,247.89401940680202,247.97557346447311
248.20384007843273,248.52166938093544,248.50792061635818
248.02740258863292,248.42607310449077,248.4186696062082
248.01891000465258,248.39710792554425,248.45863153474554
248.25607079887496,248.59358413837825,248.58670527722492
248.23399912508108,248.62052865870515,248.61198211601803
248.30254749593792,248.66901877225206,248.70285621213796
248.35183612859413,248.70916057408556,248.73473697217386
247.9475350197754,248.36192078642787,248.36187951729062
248.2837245116973,248.56924302004424,248.57097303493643
248.41633579268535,248.8471560734987,248.81786545520538
247.31839357226718,247.62867734617743,247.5655378819244
247.2651047658443,247.35224534575997,247.41168805249254
248.22593135710574,248.66010499605915,248.68349886354406
247.9525402800888,248.30991996596498,248.3665447932864
247.34996546383888,247.62164907578628,247.63375388543486
247.35789569331396,247.58719706265148,247.6100213030145
248.47486776107206,248.79206728534143,248.8137295198491
248.375341845632,248.6483830807732,248.67289558476884
247.56329402164727,247.763641496136,247.7908435180601
247.49320478334232,247.69142040540345,247.71195896072157
248.05822820406829,248.39978879562014,248.31279052834847
248.42583042364836,248.91828472924166,248.8183917563496
248.55261802306745,248.90449825715106,248.84131658003116
247.7053297045409,248.01565971743437,247.98834734955855
248.0147285952077,248.29975659148602,248.37909501396095
247.58000619485637,247.81867214950762,247.83800554858078
247.4319677108894,247.6738913405305,247.6734295278418
247.2062400148806,247.36742526826833,247.329779239873
247.8075832489194,248.00069458797012,248.07835193931945
247.20010427856926,247.4349623862469,247.43383227501107
247.63113522839882,247.7510402339877,247.7354463634047
248.44677788875865,248.87543048040877,248.7945402492222
247.9936279804181,248.5014147745368,248.45823413092785
248.22572424056423,248.72464651237917,248.52154325930508
248.33720589912406,248.62697482233253,248.59549305060455
247.6325819452269,247.98583573203308,247.95968075415095
248.4440244021819,248.74613614703944,248.66570476302795
248.3200572305443,248.6362397654049,248.55121127078326
248.27688413305248,248.65304122476303,248.59186847348923
248.22006190002438,248.67697172300345,248.6283297388661
248.12738985908786,248.44593821597095,248.43372072517
247.58008794966543,247.71826973764172,247.7457166128348
248.20159239636567,248.51852101245075,248.5337817538488
248.11581461762898,248.50968996373467,248.4584618273635
248.12972418911508,248.52546815284572,248.42802036004093
248.11543095884332,248.4488392056261,248.39249006076273
247.99904960101966,248.3166198381818,248.35404598921463
248.10538267053113,248.41584617034692,248.3789187898251
248.19961867115893,248.3807129373245,248.47586358051134
248.15559169738378,248.50352614979442,248.4247949088447
247.82792736647784,248.09549749295698,248.15484385972664
247.91432493507205,248.17895896623028,248.07342570946108
247.95679083510998,248.1237578018653,248.09570738310245
247.35877322437364,247.417728740504,247.42774341978537
247.49016976499024,247.69788732996656,247.8065739975099
247.87896537996536,248.0386734115975,248.02082869721474
247.87796582904403,248.14782942681097,248.22531771691675
247.24632260669935,247.43545268556798,247.54037507190878
247.21470632636166,247.2336041184013,247.313791028205
247.86736414286185,248.034452726919,247.9818460574136
247.67496152890115,247.82556585165008,247.9244983986157
247.32204971112378,247.37774372908638,247.3818557459218
247.96081154159648,248.187033988571,248.1951895178599
247.75132408204354,247.97251407001977,247.8979943448995
247.715551129306,247.9423211605497,247.91414207686336
247.61380387940056,247.88185329251658,247.95397930205846
247.6799698853696,247.8675409009481,247.80853539460327
247.53654624006788,247.7730751891368,247.76552103472173
247.62971091508595,247.7395321244722,247.8377612837424
247.52097228962026,247.64689193672407,247.73187645240486
247.55932801107485,247.67825539885033,247.65047296735213
247.56828753645203,247.61339823572996,247.68859289425188
247.49991334837765,247.61195986262567,247.77223709326765
247.4342139650776,247.44126938631928,247.57057397386734
247.43783765645702,247.50305892791772,247.60528816320118
247.37051553287608,247.2527867191251,247.28012017845336
247.38738001891144,247.37189732835358,247.47507424939684
247.30924308909192,247.12580964507683,247.4756125979204
247.30789077685003,247.31362856934166,247.39347192489797
247.29809571844328,247.3934469312437,247.45478217891187
247.08524096501202,247.02006742365825,247.29958510972367
247.2187930913953,247.03945912731973,247.16865399940227
247.09704306419215,247.0648411402204,247.1843595586675
247.16711340394897,247.24046689511943,247.24673395025758
247.12950400361422,247.1065145387281,247.11456265058268
247.1225596493561,247.22318282789809,247.29334359282433
246.84414287584156,246.86278531664706,247.00175533381582
246.89713031302986,246.85997714415493,246.77540914536254
246.88733220955902,246.84264977266614,247.05357100433335
246.84064805141477,246.79048309373954,246.93506876685322
246.83990187131627,246.7929871166467,246.89521281646702
246.72228817684098,246.5895510443931,246.6758969823872
246.630969617029,246.63618788750964,246.73298247338457
246.7030686404162,246.7291347234512,246.7502675084506
246.74199180620235,246.64815716464915,246.75785908025594
246.65209413323853,246.39929888974677,246.72534019639627
246.64262005365228,246.43048893971516,246.73730867503804
246.47628901329833,246.33192888696684,246.63738873219853
246.84590913515768,246.79197485117749,246.84898715646466
246.55568695642867,246.57865668400584,246.7161915619579
246.62924532729676,246.49230544721675,246.89454967765948
246.58425508090787,246.32926356573097,246.80121727562394
246.42833980835644,246.2206672901528,246.70156295735035
246.62906286649212,246.67745260101307,246.7821269146378
246.61771943481085,246.57145436768081,246.7378661149422
246.44341647431654,246.5997942038474,246.76182562363164
246.5537757754824,246.40303619453107,246.65035792491432
246.64977130457274,246.31686018736664,246.73958659452862
246.57390840613485,246.6249781472533,246.59218265665896
246.57777265414654,246.6896757292116,246.650732560512
246.55602793618584,246.51897743195147,246.75911121168272
246.5002908641174,246.50740503578496,246.70699416414362
246.60737453276073,246.49186214398253,246.67860389073803
246.62350396907732,246.4236306632849,246.65658477826406
246.52070047641803,246.45156608885213,246.56775998197145
246.60861992114855,246.5650682562274,246.80103132786257
246.70458271165145,246.52329217834273,246.68549288287636
246.89292968782132,246.86176293092166,246.99054770542307
246.66894199507553,246.76798368388404,246.83227288101804
246.79077976504246,246.61783974348364,246.8672728316928
246.76875326243024,246.55364255085848,246.85617667671573
246.76504646220982,246.8667580311806,246.78154249969182
246.78863896010202,246.66321939325832,246.7558132595397
246.70974130689314,246.58818683043887,246.83483546261763
246.7968933686104,246.70865439141747,246.84220761804107
246.65531121837938,246.66653092512334,246.83248018575844
246.69440889310243,246.72675169779174,246.79325387729764
246.6783229415392,246.52393814982753,246.80892109110684
246.76193609259113,246.69527992209373,246.87196545957926
246.66381136496068,246.58373831041845,246.7509437228154
246.66378143641504,246.6996463195793,246.83426255932906
246.63742512229243,246.6131579106175,246.6176493888824
246.71889858567454,246.79666044834408,246.8354592545103
246.73868188483712,246.75922438609237,246.72373686739977
246.95535095540583,246.8507088303005,247.00018607552303
246.84356756557315,246.8540175413378,247.15092152384554
246.78963515578363,246.9098956505814,246.9523918021317
246.6570179543054,246.80769800269837,247.00299997644046
246.88894561887113,246.82936522212995,247.08001400396262
246.7594222157873,246.74473365037844,247.08610250414947
247.27467285409517,247.0864383398936,247.24931884598263
247.17085042284978,247.14178955499438,247.19155508457203
247.06906728909334,247.02852855620483,247.1192921315114
247.13761705271807,247.0506136709476,247.1652938747318
247.1571956749427,247.04048938272146,247.14604386569755
246.99172964482244,247.04584115090825,247.08412540306
247.29511802326013,247.29956534421325,247.3777267156955
247.246949816942,247.31421031328824,247.46411326037406
247.44100926910014,247.27054648932764,247.3820243922042
247.47915351445644,247.36346721400764,247.49313630166583
247.3187712919168,247.28862567519647,247.39497288135544
247.47101886330526,247.4479021000783,247.35102201670568
